fileNames,group,PC1,PC2,PC3,PC4,PC5,PC6,PC7,PC8,PC9,PC10,PC11,PC12,PC13,PC14,PC15,PC16,PC17,PC18,PC19,PC20,PC21,PC22,PC23,PC24,PC25,PC26,PC27,PC28,PC29,PC30,PC31,PC32,PC33,PC34,PC35,PC36,PC37,PC38,PC39,PC40,PC41,PC42,PC43,PC44,PC45,PC46,PC47,PC48,PC49,PC50,PC51
q21notreat_01_c1.tif,Healthy,5.78633353010538,9.80720425618672,0.850755921336581,-0.0544004584478341,-0.241223378900499,-0.591124761546533,-0.984105217547524,0.0167150573112167,-0.0215929876460345,-0.910435332757184,-0.0238685334676992,-0.53899369956858,-0.120679745079348,-0.0909817125582322,-0.355428080402501,-0.316695603437478,-0.193426110400035,-0.215066346762396,0.0367812622069533,0.0763430743622531,0.083754649719544,-0.0681568644624092,0.0328292905208707,0.0294313173379811,-0.0338239982632304,0.0108372207447872,0.0092967193300371,0.0290017072548196,-0.00689700835820967,-0.0090873792534744,0.0259098321636503,0.0143069374443048,-0.0254241206261224,0.00607719510905864,0.00567624441288259,-0.00860432037657862,0.000447251117290218,0.00707848158042908,-0.00339782004829808,0.00194815617395664,-0.000870227760835125,0.0010300152010241,-0.00171173441944184,-0.000355367702042559,-0.000177507726998785,3.68342713125288e-05,-8.97142651844902e-05,-7.36449165275924e-05,-1.97640173274905e-15,5.46858443890799e-16,-8.79477137237961e-16
q21notreat_02_c1.tif,Healthy,2.00284148362861,4.76767483578159,-1.06261400492169,0.215694691507302,-1.76690342028143,-0.160298814235611,0.549874700607394,0.563351869424195,0.050333747278672,0.0789430407781822,0.3705792582644,-0.105391610140473,-0.137065557288751,0.0167272487966245,-0.0199355785136071,0.0152319697197435,-0.0915096779310947,0.0921254793672408,-0.0928984789202105,0.0076241024081175,-0.0910971046360395,-0.00607080577128877,-0.0302506264304295,-0.0280604050927896,0.0408499394400822,-0.0410756424385651,-0.0492486722821079,-0.00817220358031315,-0.00109833694082376,0.0251087457025605,0.003657558087944,0.0143139012026763,-0.00545130319420715,0.00581083553531784,0.000452966952676798,-0.00551211103823524,-0.000457070162395212,-0.00390515347162385,-0.00165755068929619,-0.000980400385413534,-0.00374507381210932,-0.00142207709223119,0.00177341914391482,0.00159412778431115,-0.000571994979646143,-0.000237210057427241,-0.0003093496930279,-2.69376308489684e-05,-3.45700421329276e-15,5.26823018216474e-18,-4.52260623930417e-16
q21notreat_03_c1.tif,Healthy,-4.33950306329071,1.24547865550917,1.33691782236079,-0.271365863827837,0.390528376905287,0.818564708381011,-0.067464170184197,-0.583141032268312,0.0731836719038408,-0.107775155865993,-0.308585028537426,-0.02220462212429,0.040356024833155,-0.0117851164490072,0.00110111365412932,-0.0522599408282294,0.00116433149946153,-0.0310555147149452,0.03519295319025,-0.0395136598102208,-0.027298040496873,-0.026027855047061,-0.0287081566720755,-0.0253438398670089,-0.0090329553945412,0.00833920863838976,-0.0255693956346395,-0.0135156358218549,0.0413434715131498,-0.00159274122765829,0.0192561794878457,-0.0145007257363582,-0.00388482117079697,0.001799058221483,0.00155716553145187,0.00143971014567702,-0.00203370027123312,0.0078154958011997,0.00285723386941613,-0.00346162002356874,0.000232314359341332,-0.000746247183252205,0.000426963947282857,0.000124980685480402,5.73389031332432e-05,2.44643663878516e-05,-0.000118838595329487,3.15166090066298e-05,-9.68112036503348e-16,-1.64672569974559e-17,2.64288372018384e-16
q21notreat_04_c1.tif,Healthy,-3.50505473018863,-0.905573469987558,1.15808637879243,-0.317131892855839,-0.309198431712412,0.650428648957795,-0.624615591843898,-0.357947616953163,0.488931223732533,-0.140948705809386,-0.461253197555497,0.0529394428960629,-0.115313311351562,-0.229230264629114,0.113359721873318,0.0156140787748775,-0.0537215981478396,-0.0742632407269366,0.0837485113461067,0.0202753254875116,0.0106608479621054,-0.0268189605897914,0.0405644549016749,0.0289440635999373,0.0123786132765302,-0.0119660181632287,0.0498798491146889,-0.00991384559509293,-0.0117295088992731,0.0125890605646491,-0.00502534663042944,-0.0012657359640083,0.0212091137339971,0.00124327319040046,-0.00260290970819881,-0.00404783688611923,-0.00360455552930484,0.000347825872597879,0.000682780269811521,-0.00430382481279582,-0.00566625152083858,-0.00367463876166264,-0.000102026138508616,0.00032841437551485,0.000123737642470536,-0.00042053518164838,9.2580148935852e-05,-0.000149755011626279,-5.28430129085027e-16,-6.95816637702117e-17,1.5416619746393e-16
q21notreat_05_c1.tif,Healthy,1.39462858100829,3.55413592073,-3.22264905574959,0.387611051037781,1.03807476673443,0.370003778069432,-0.384900642071664,-0.280258998360664,-0.0558699662317159,-0.104028003293751,-0.238969124976263,-0.170234733521444,0.300432769351239,-0.094035665494511,0.0455233973232556,0.0955805772078471,0.00194592028349094,0.034514486596029,0.0812222430687173,-0.160692288819163,0.00871378570315631,0.0607662946381281,0.0313664896956904,0.0464447070946283,0.0507140947830706,-0.042703522318939,-0.0104014129181848,-0.00456145059301273,0.036411457829641,-0.000812172835954,-6.40832699089072e-05,0.00387130926608663,-0.00870894269360578,-0.0083679564945967,0.00881666718814512,-0.0109295021163405,-0.00205070272994071,-0.00334298844961679,-0.00208941462401583,3.49153600985967e-05,0.00116808331681222,-1.31028134934194e-05,-0.00326266727790641,0.00162137991864845,0.000607912819767913,-0.000178152801301575,-0.000119800869711151,-1.5413323505609e-05,-8.00726931718547e-16,-2.78955587214916e-16,-6.43280242901111e-17
q21notreat_06_c1.tif,Healthy,4.2834679414713,5.08810194579879,-1.14162440765561,-0.00882235595085526,0.118020402970571,-0.558634932663272,-0.0484629793525436,-0.421603408358961,-0.354298795379851,-0.00757226474459674,-0.0828498715753789,-0.207560879259181,0.176555082696573,0.201676188575611,-0.0774303583692723,-0.0519344193940505,-0.000875686532483828,0.110347367295778,-0.0172963652878407,0.0733817477346619,0.115707939325554,-0.0273305612691217,-0.0943197060614484,-0.0463136956322552,-0.0296174941468214,-0.0159665114316105,-0.0144891299113638,0.0657031280283574,-0.0612562944250628,0.0412276220527591,-0.0235001432197291,0.00904109325457995,0.010135745095316,-0.00714851106811623,0.00288628164874791,0.00243373948949497,-0.000548853002196179,0.00591780403631997,-0.00186593055249392,0.000193767430633519,-0.00351566476941263,0.00205371220746929,-0.000343714479441408,3.43155541610294e-05,0.000564296602665161,-7.81906140038169e-05,-6.75877401454054e-05,0.000183959155370722,-8.55828606796999e-16,6.55391485158295e-17,-6.59097082439651e-16
q21notreat_07_c1.tif,Healthy,0.577830587757167,7.8235884643312,1.37059742750501,-0.241442650919861,-2.4424074570815,-0.0138757134379204,1.05136647135369,0.081816161239775,0.958516872796158,0.056365596081239,0.417162612032883,0.236225707773502,-0.330682126070242,0.00238300249069048,0.0963860304923112,-0.283683525505979,0.0120740242415716,-0.0107165929256588,0.0763723354146499,0.0696620062182074,-0.122252765465215,0.0445348587004406,0.0473059917352288,-0.0205720293829064,-0.0457197134080332,-0.0036234132794363,0.0658083238458367,-0.0164009323318743,0.0224941439538133,0.000486654064986672,0.00796389127752047,0.018110985194294,-0.00612802823077394,-0.00639405274018199,-0.0119577680816033,-0.00224217422197374,0.00163430678987109,-0.00212124350365515,-0.00320803689393879,0.00266044075470121,0.000262162618506451,-0.00117831802140944,-0.00199115748642447,7.23804900241388e-05,-4.62276218147948e-05,0.00017284402314753,0.000106909732299407,3.85620740947671e-05,-3.8795509800684e-15,2.85089245996464e-16,-5.63485965970826e-16
q21notreat_08_c1.tif,Healthy,-0.358586852837947,8.66031055363192,3.13981544406184,-1.45325799102425,-0.212863675064211,0.313389450442445,-0.542823197011543,0.767426979292813,0.633675159335545,0.129395398312683,0.645502599808395,0.303591811771835,0.258263977692026,0.350005551379311,-0.224717053797572,0.143656295784374,0.0810432768254444,0.1395632041944,0.0573849771386472,0.0785476216521919,0.106278892838356,0.0967384266263256,0.0603686900901039,-0.0521287016071826,0.0407993205843514,-0.0197655919858643,0.038313415923661,0.00667856606477373,0.0278760140432994,0.0147266567789073,-0.0133758307139417,0.00506017135972614,-0.00189170352854094,-0.00608325132632029,-0.00186085227485638,0.00806404464554448,0.0041313027183562,0.00387732779316082,0.00476996370247418,-0.00523656682711566,-0.000203097874654227,0.00163745093631974,0.000759273518996524,-0.00027314588524893,-7.07334297029366e-05,0.000111292288231146,4.6248389791403e-05,-3.5542732628464e-05,-4.01647207259051e-15,2.92673906501082e-16,-3.36817947704415e-16
q21notreat_09_c1.tif,Healthy,-1.80053098706634,3.52979096501931,-0.192611446658452,-0.761465642929524,1.15777731724061,0.527063413488566,-0.438174374199507,0.32564523994869,0.174071780815586,0.112600457037106,-0.0891347866060816,0.226388633960631,0.064644787616665,-0.0847611044457341,0.0990707061262219,-0.043285726332935,0.0608203885131097,0.0920534744486222,-0.0500987100381504,0.0764000518929686,-0.00234944587275876,-0.000588695018233474,-0.0509092658704611,0.0428011928485028,-0.0296016152102802,0.0155176125163122,-0.0395020974129864,-0.0232567028899813,-0.00742684606987857,-0.00607030812757259,0.0177823726885842,4.4265174043219e-05,-0.014251954510194,0.0012993999657692,-0.00464131511897158,-0.0022463750683953,-0.00726570707029305,-0.00105662021437406,-0.00034996182683901,-0.00124028647944258,-0.00258427701871981,-0.000141476066513224,0.00234306547380121,1.83336583196498e-05,-0.000798767081185099,6.13511565089537e-05,0.000233554469168503,-7.45008361643751e-05,-1.27957529541774e-15,-1.78536464394322e-16,2.76749397129403e-18
q21notreat_10_c1.tif,Healthy,-5.71168995551105,3.42547131685603,4.74145285607369,-1.55355077372947,0.0411824398377559,1.58344661865233,-1.0527854446366,-0.445570854282353,0.334479238859625,0.623242970743511,0.212815224188101,0.248431380366678,0.535322099001178,0.16028505575685,-0.0307134371872682,-0.00433872748431291,-0.0388233938883767,-0.136004819153478,-0.0406153638530316,0.0388899880842643,-0.0260044076474571,-0.0717420389031294,-0.0451957672954805,-0.0177925470490832,0.0439269522703,-0.0325248865466628,-0.00446748512136993,0.00630611030165697,-0.0119998072694482,-0.0191848932681615,-0.000432433732458215,-0.00245166603910939,-0.016041702430127,-0.00838782462730189,-0.00698328322250383,0.00494239180901161,-0.00843445903189985,-0.00516170064850765,-0.0100723000648068,0.00564457294601042,-0.000167552346269945,-0.000841858534800729,0.000489501811276206,-0.000355877037376114,0.000204865786951581,1.38625013818292e-05,-4.09731166719945e-05,3.63551307760088e-05,-2.59401497590957e-15,2.14920325038015e-16,-1.01335068670045e-16
q21notreat_11_c1.tif,Healthy,9.86696039788542,4.10910154441373,-3.89100256718436,1.74696495702191,-0.559859573432602,-1.27197531126203,-0.0501632856239888,-0.750057151490124,-0.388980890512545,0.107177088338387,0.287016799409607,0.874806955097031,0.0582461164538483,-0.315137008260344,0.0425539399117544,0.157844816243462,-0.048557603768147,-0.156802817291587,0.0432543511895725,-0.069833267507937,-0.0904782198664773,-0.0485157684770848,0.0118914599119316,0.0211245318120614,0.0872054692443714,0.0139679516818979,-0.0350298833129923,-0.00643244499822881,-0.0224907550177541,0.00504733680284991,0.0278396103465074,-0.00831264204146732,-0.00763433886728565,-0.0093076021412471,-0.0132997181790622,-0.00541638854318152,0.0132897910456127,0.00245074924779007,-0.000775853899788126,-0.0035067752399516,-0.000544370059267718,0.00141511503636215,0.000737691738043143,-0.000855387204810367,0.000467571134262336,3.69761023776786e-05,0.000202694044525611,3.01620380298809e-05,1.33122336264886e-15,1.81747175884839e-17,-8.67206875236699e-16
q21notreat_12_c1.tif,Healthy,2.01447885980623,5.21871678154472,-0.339043612054232,-0.294174447369736,-1.01011287588112,0.57173862385859,-0.786158217669742,-0.238319753864119,-0.0335837797101429,-0.135622075106771,0.208999593027256,-0.0934739461513802,-0.333901290064036,-0.339672694608693,0.492340246805066,0.0987087433260849,-0.145945858462214,0.255532334990174,-0.0321443372523387,-0.142129923153609,-0.0391923966218435,-0.0471116110561062,-0.0760165350743135,-0.0491089914633431,0.0226465110622664,-0.0561896186920811,0.0374117738599134,0.0169082302953101,0.0394651957215488,0.00767175170677289,-0.0222332056108152,-0.00547284749270904,-0.00907478524995074,0.0120779741566757,0.00187372573208115,0.00280501694364414,-0.00109628620749719,0.00102345738244872,0.000474187457247179,0.0011687928923193,-0.00050568588724207,0.00169857636033157,-0.00278702963621454,-0.000866785508127576,-1.00587759851384e-05,0.000251958939441837,-6.28320726649218e-05,9.34729518048681e-05,-2.97908416235825e-15,1.20782922347279e-16,-6.74737707186482e-16
q21notreat_13_c1.tif,Healthy,4.4578163855452,5.47717827847996,-3.0315734511436,1.18448111004866,-2.50704672412985,-0.610986708838241,1.23516412446455,0.175285145676352,0.419182634819238,-0.261836196092443,-0.0593201762638422,0.0521349125598997,-0.254337616757282,0.168998232456376,-0.23140888599823,-0.0838132794825234,-0.0607944734704756,-0.0767640316611974,-0.0472003998375001,-0.0538587582862947,-0.0505166003582795,-0.0118056671175168,-0.0227146574309899,0.0287456687105222,0.0314739189423128,-0.0194237580946879,-0.0392600524036553,-0.0374370620434789,-0.012610183368342,-0.0260743168249734,-0.0201112718850782,0.00120228184372325,0.0235261763101745,0.00845850759872583,0.000711227637234531,0.00814700373643314,-0.00210823150672163,0.00101372041968862,0.00247774585567116,-0.00463774161141305,-0.0014883930908537,-0.00126486342377788,-0.00142845390387637,-0.000205466118915947,0.000307442342580533,-0.000184271832739296,-3.35217302872493e-05,1.51612587077701e-05,-1.75719692006882e-15,1.14460195467507e-16,-3.94270650062924e-16
q21notreat_14_c1.tif,Healthy,1.92903390171845,0.610550733625606,-2.35849714277912,0.333739779016422,0.319161978315582,-0.283922974398152,-0.351011857394282,-0.295135548886926,-0.166241537099495,0.152619629699456,-0.17784053372749,-0.0266610848318943,-0.0820702935783597,0.252193756337895,-0.0179603931457517,-0.0900327635761854,-0.152738274731175,0.0197944624072813,0.0580577147780062,0.0767403656401911,0.126463694230587,0.0499160260231617,-0.121770635206337,0.0155579183332994,0.064568625400758,0.000721298199209902,0.0168705171315889,-0.0112076734943204,0.0113708417303207,0.00797799723742245,0.00615073309670044,-0.0038829544556955,0.0163295831704629,0.0227827595966832,-0.0135529971687476,0.00342675253192522,-0.0039308519562069,-0.0059696763631093,-0.0021653807032609,-0.000312285205598622,0.00434197834062186,-0.00103007903438006,0.000519673320426235,0.000276959616384636,-0.000400745205917807,0.000386087071854902,0.000122326173828019,-5.38363353060299e-05,4.63781616005992e-16,-1.68393215548661e-16,-5.78217510890669e-17
q21notreat_15_c1.tif,Healthy,-0.0693017635353256,-0.00537190900293356,-2.69476386100448,0.326782264880129,-0.330649304082045,0.172250649804822,0.63153760169266,-0.587148740006229,0.154651348536464,-0.0865267111554759,0.154223755779754,-0.472770354979418,0.230169704052761,-0.0592758372336418,0.02046083538302,0.0819930582279126,0.102253877619797,-0.0605900482886057,0.0594341422463352,0.00287098014304692,-0.0316183092576275,0.0180019998428456,0.0414823450462842,0.0251745405692576,0.0194780855998862,-0.00819538576213844,-0.0138498998791998,0.0113480067537237,0.021782532920694,0.0110020538771068,0.0121496011627794,0.0151397323176489,0.00591267190949785,0.00848176210399035,0.00761166308912126,0.0151466323706436,-0.000648182672138155,0.0023233884623228,-0.00223302633672436,0.000904592616682152,-0.00175792313795348,-0.00195573520598834,0.00130037284229293,-0.000479501779800013,-0.00038922998342713,-0.00039958918095891,9.93430660058285e-05,-5.59704773201413e-05,1.91349195232743e-18,-1.87333980273276e-16,1.01440528078814e-16
q21notreat_16_c1.tif,Healthy,-3.96315315373775,2.64754060874556,1.09998204512967,-0.84355616550109,0.756874767305255,0.981802947998808,-0.226667499482784,-0.028446939944569,0.112526683153914,0.065947705044136,-0.246140960676144,0.00963104634911444,0.124702189061679,0.0887535203413095,0.215303564424279,-0.0522771204343602,-0.00718376637826487,-0.134021413050543,0.101067423681145,-0.0497611717801235,-0.0347544254585098,-0.00184443819969213,0.00704007016523791,-0.051052595837887,-0.0368731915993103,-0.0116083205304179,-0.0225398329524764,0.0138155541489124,-0.00624762834827042,0.00215884411510205,0.00257270717083577,-0.00762293272410566,0.0100217908225215,0.000845532207587293,-0.00272549585859271,0.00331588534409344,-0.00433486746670462,0.00781768475891705,0.00477557575905511,-0.00230085201599395,0.00511784873798048,0.000907840668045581,-0.00146291387091284,-0.000878480998797062,0.00034745061887102,-8.15899585883467e-05,0.000159835879866738,-1.43918851855041e-05,-7.50666386618682e-16,-3.91336414695035e-17,2.64405228275096e-16
q21notreat_17_c1.tif,Healthy,3.77692134251447,8.14914895281355,-1.20635185041838,0.0119254754469693,0.784377639691898,-0.343554284385074,-0.568232740291116,0.557218727234113,0.0344217666694991,-0.283617630504609,-0.0550502435210989,0.17057680656694,-0.108016726658918,-0.285904442513208,-0.0109350195399766,0.171658126588233,0.0610408032819136,0.0905196084726004,-0.00110243441533456,0.00348970480266753,0.103944988385203,-0.0290509846852332,0.072454168121462,0.0124395108867965,-0.0281324880818081,0.00487240369586788,-0.00461378359460758,0.0108302065004691,0.000904667229208202,-0.0271135684932551,0.012652515678836,-0.0098399273631254,0.0284061510635228,0.00146265720518369,-0.00794321781829428,0.00752636996870016,-0.00586516373456156,0.000977824906386917,-0.00872533154951813,-0.00258278262009881,0.00401396951312191,0.00105836129849579,0.00247060498899481,-0.000848989136188332,4.55659545323507e-06,-0.000398208845383967,-0.00027700032041534,-7.30318024881465e-05,-2.79308332459305e-15,-1.62438378322495e-16,-5.57514756909878e-16
q21notreat_18_c1.tif,Healthy,-0.666899425352932,2.25561307365768,-1.79092708666656,-0.08840047422454,1.38373981675466,0.229022760263836,-0.457201211010922,0.0436918763633506,0.203633887410232,0.0945088680932503,-0.069285935015705,0.0949046707040367,0.0826654929030936,-0.054934229411735,-0.0439817568198729,-0.116289673706073,0.0475057437654526,0.161763148593271,0.0746282254732399,0.0388759146564186,-0.0152958539015059,0.0119813046789587,-0.0393523867649339,0.0314880947684605,0.0187903743732769,-0.00298708790884177,-0.0192429203495575,-0.033440432111535,-0.0127289321779391,-0.0215826846577186,-0.0166067476813165,0.00162480121991624,0.010504586535649,-0.0160153606302669,0.00708528418598293,-0.00019350969414083,-0.00129217632459882,0.00597723605610393,-0.00105778134934,0.00135506592318831,0.00177109870514294,0.00279485404054459,-0.00109565777631796,0.000677109955282038,0.000292719627754837,-0.000497094093590173,8.8376100601306e-05,-5.18118089923502e-05,-4.81616818507098e-16,-3.15865377306821e-16,5.93616218432878e-17
q21notreat_19_c1.tif,Healthy,2.1158501765797,0.854948991698078,-3.85558061922398,0.641520684279879,0.0247959533174234,-0.567324905165053,0.582893918504897,0.15051986742311,-0.0243290903714328,0.325989536527651,-0.197769282905548,0.225714975928754,0.021795467046894,0.118781028089102,0.0942587416931856,0.178393870184226,0.000874391337657293,-0.0590657698294438,-0.125297704116068,0.088416299065299,0.00631591991178247,-0.059703069307706,0.0455628078134418,-0.0562064530924061,0.011936398769435,0.0107831109195821,0.000820778082739818,0.00449323746618346,-0.00187655241027552,-0.0258967755441331,-0.0157255022118636,0.0222317248321161,-0.00838986782573425,-0.00466302254915733,0.0236976973442748,0.00786050700065861,-0.00561762095110856,0.00292205347351893,0.00167743537544542,0.00122651938832929,-0.00530319135277108,-0.00190615280988925,-9.71185635937613e-06,-0.000641435408722404,-4.13330945997934e-05,0.000365148883756869,7.15332096760334e-05,3.820788018011e-06,5.6599060932746e-16,-1.67904336753889e-16,7.82489515179975e-17
q21notreat_20_c1.tif,Healthy,3.0127978002097,5.29857465228163,-0.668743336425617,-0.1625543538441,0.791650140496369,-0.513007673711452,-0.623624893072869,0.152878746674406,-0.342385563390531,0.041714154363403,-0.259115981178446,-0.0295003120881786,-0.0178165570288249,0.0384132951040247,-0.045990600445273,0.0614680933257052,-0.173296981195115,3.08141878443552e-05,0.0662393877407226,0.0991874273029504,0.0861257427006979,-0.0736964600235368,0.0465696570596135,0.00966492048592842,0.0445270248488885,0.025216833362595,0.0080313816264541,-0.00499785766781472,-0.0156836129101666,0.0224826165517981,0.00353665013682831,0.00646051521824273,-0.0146523056584631,0.00995845315147909,0.00810126320606159,-0.00835530262627104,0.00693090071389986,-0.00435574055646325,0.00563318267431686,0.00183611793337376,0.00440335968233276,0.000592116042802613,0.00114344375195615,0.000173255084577264,-0.000256406151835627,0.000122301163603869,0.000163387262565711,0.000142072598416106,-7.04571735258428e-16,3.29199785761818e-17,-3.3083919382177e-16
q21notreat_21_c1.tif,Healthy,3.12947073450476,2.65871630747559,2.58104340405837,-1.37391598548701,-2.63300570596986,-0.0234351703758348,-0.166995735863822,-0.276015768452515,-0.449106689073191,0.19777603740745,-0.288302264180691,0.0352189335207155,-0.0770287548709866,0.285705055215006,-0.0511038911291999,-0.112930827627326,0.205756079620997,-0.034953412518005,-0.121866273368559,-0.117360381874961,0.20920783654865,-0.0525484298744341,-0.00995945531736091,0.0161289684457579,0.00730839957852423,-0.0167817494028299,0.0156986607829316,0.00251931129670003,0.0253825746507323,0.00926096738273417,0.0407044469091714,-0.015294505406514,-0.00394807448659937,-0.00204181216277129,0.0143330833468085,-0.00120617176829197,-0.00155178603469671,-0.00987987384915203,0.00104989398241807,-0.002058340310479,-0.000215713329633445,-0.00163330944193648,0.00019321717828452,-0.000233092689418464,0.000477218212976505,5.15559189320095e-05,0.000150782386126557,-4.95241079820961e-05,-1.0491645433448e-15,8.96884094943668e-16,-7.69025766004571e-16
q21notreat_22_c1.tif,Healthy,1.0504243629504,8.44100119457559,1.37699513962248,-1.33478718990151,0.86558979465112,0.237027123457582,-0.462744846331563,0.21309548403446,0.0804311676000361,-0.419635656529465,-0.0327125567126748,-0.249986432429676,0.278714354518242,-0.280032286876074,0.0129006075578773,0.0260732758612059,-0.0059888553528411,-0.0396871435100203,-0.145143962283177,-0.0913702376821669,0.0085924129685793,0.0657465071794549,0.0208848520491341,-0.0261143519820153,-0.00569900838010538,0.0610465605917909,0.0299886177737945,0.026315564418007,0.0082484188459851,-0.0369238668860469,-0.00880453650175493,-0.0018385510923065,0.0266327163534211,-0.0158296111079663,0.00250980516639924,-0.00262991229710765,0.00669668610535963,-0.0133206605124758,0.00692987201910036,0.000377428363033405,-0.000668769072676755,-0.000337206891719975,0.00199319765646166,0.000126715348681072,-7.927893854757e-05,6.70649812924804e-05,-2.32785174933911e-05,7.82765760063437e-05,-2.57253907259986e-15,1.72077575849852e-16,-5.52724479043251e-16
q21notreat_23_c1.tif,Healthy,1.95562174919656,3.1715543566671,-2.05212016270293,0.103448750305117,-0.495597232892263,-0.270787747160173,0.610470006444067,-0.396372829920393,0.0121903140467496,0.235015299251203,-0.16741585862919,0.0287322026197185,-0.156715880764041,0.0592951641400802,0.2125470858913,0.0392625016407086,0.0833550139000365,0.0443681393432203,-0.0571386127843545,0.0649987769414036,0.138772830162882,-0.0406199811452723,-0.00906453917477478,-0.0167790401622006,0.0194223082640684,-0.0225446108609609,0.00810841296158916,-0.0167473128766344,-0.017322935314726,-0.0129337386776191,-0.0028234238630057,-0.0204946055712782,0.0116818219506034,-0.00299470761324964,0.00312760779879311,0.00924839244936733,0.000817195728750168,0.00261023378714645,-0.000737620887060531,0.000422409008808463,0.00100704587329537,0.00147178781714433,-0.000825983047548105,0.000849914766294676,-0.000814569337130693,0.000356172180019358,-0.000137498311491884,-8.07150955565852e-05,-1.37954465599548e-15,7.01208714230776e-18,-1.44671788818742e-16
q21notreat_24_c1.tif,Healthy,-5.3691053232529,0.745203579723195,4.00842311405729,0.949382096844112,-2.97940356277214,0.316683595772924,0.961148318296798,-0.498808429702936,0.38195113154335,0.38707787474843,-0.343748626188214,0.125099792089225,0.392706798079522,-0.0648633456931995,-0.293703268936839,0.170068653252399,-0.0733158572858945,-0.0551124306243618,0.0426089044357634,-0.0283388644475998,-0.0550908324650674,-0.0970216893967077,-0.0569711382375929,0.0105358043242057,-0.0122618859697176,-0.017539986424388,-0.00475177618863053,0.0191428073041645,0.0164768835791166,-0.030807504532554,-0.0153609211723635,0.023252145423226,0.00299710598761005,0.0100207543708559,0.000252137975990024,-0.00586851077491175,-0.00207385884490747,0.000364447450223918,0.00558684668132434,0.00326455934332988,0.00191072700541778,0.00272154245253906,0.00176135733775189,-0.000391376591335984,-0.000682982317147076,-0.000172068528192432,5.94600790876463e-05,-7.07699301275453e-06,-2.21523250286314e-15,2.64006381369408e-16,1.53233554460122e-16
q21notreat_25_c1.tif,Healthy,2.4866436331077,0.408554563696786,-0.881560328903506,-0.160432336800412,-0.754167537244277,-0.289976549423703,-0.232439572651047,-0.459045490621099,-0.383461286605648,0.224419826165242,0.116047110425524,-0.335067403305518,-0.0572136092010148,0.0306406126698131,0.0844631513679698,0.030313808268667,0.061228406573695,0.00856537956371423,-0.0324691798619968,0.10920310562522,0.0802455688614402,-0.0669439344799496,0.0143362165640057,0.000767124423874458,0.0063107978835269,0.000180825475967991,-0.00479884627512524,-0.0285865026343506,0.0271831445137684,-0.0105142586553544,-0.00513873598769381,-0.00458942172751874,0.020420601248797,-0.000543735682012953,-0.0196757275150734,-0.00273831299026448,0.00775208908761973,0.000705248247036026,0.000745820281036824,0.00575007106807088,-0.000123640959323231,-0.00452302213222102,0.000110221976666881,0.000198825161376046,0.000112032997422446,-0.000356298972466495,-2.30900809043192e-05,0.000122899240933969,-9.9960216736715e-17,1.16298304873039e-16,-2.76755242076725e-16
q21notreat_26_c1.tif,Healthy,-1.54158451693633,1.92447214239037,-2.21719923338954,-0.0698977833290435,2.22016290443611,0.269315301625404,-0.320508097147652,-0.0942828617725283,0.274060184617849,-0.0943824308025472,-0.463511235116672,-0.131402194659147,-0.00165206594759951,0.134540160904808,0.109041245657129,0.320334948814854,-0.0695247648129379,-0.0789304052672758,0.0753654861844088,0.0298537717838624,0.0186427487062471,0.00994726625465883,0.00666604516569689,-0.0186593570217654,-0.0214860327710339,0.0119139928179332,-0.00985408204446659,-0.00966016229384695,0.0172755364765711,-0.00299965864121964,-0.0140517087876907,-0.000480131521727156,0.00104754874296131,-0.000895871738369956,-0.0042955581487969,-0.00359567422034658,0.00569305141362578,-0.00119993694831137,-0.00443130493978536,0.000559043005362497,-0.00287327221288461,-9.85643350291422e-05,0.00138244176305093,0.000431498336287309,0.000197851439508577,0.000455560029664136,3.68477832236684e-05,7.80702595217972e-05,1.79198244965845e-16,-4.46761586179028e-16,3.21735869867217e-16
q21notreat_27_c1.tif,Healthy,-3.30741405936551,3.11781082295126,0.724399805311657,-0.859300607354594,0.597682313895043,0.936433389545188,-0.111701595318584,0.135147492603228,0.134228851760463,0.0144101125938599,-0.187207600791217,-0.0453541062185418,0.252652827865393,0.100437629865221,-0.00844981857547268,0.131345759617548,-0.00304773538772277,-0.0909308724106494,0.00889476486556089,-0.00918884872141291,-0.0512425105425236,-0.0236616664644068,0.0169452837557015,0.00838214419260995,0.0211746409247215,0.0257622020492006,0.00110397390478706,-0.0145851847169386,-0.0269503397608787,0.0129445761334164,-0.0060019101572871,-0.00186307418179486,-0.0059363053982,0.0054384220102483,0.00451167061375443,0.0086952847843354,0.00600847361618553,0.00181337032300637,5.78550620549192e-05,-9.88622441468259e-05,0.000997566391788954,-0.000586304275385835,-0.00237162178094189,0.00157257470966456,-2.22109057109576e-05,-0.000234841877121247,1.23921389286337e-06,0.000115970564780191,-1.64057352670194e-15,-6.17347186236661e-17,1.25929441352247e-16
q21notreat_28_c1.tif,Healthy,1.46025779139627,6.42581254696299,-2.43012390689945,0.148023809924785,0.653103118589697,0.156252154224766,0.103415892907863,0.518072234856741,0.0150497349310622,-0.163385112583289,-0.169563087790934,0.000534348719728295,0.0641620130742754,-0.0943247932451433,0.239026981072553,0.0815648975059943,0.00578873150772634,0.0578346498283967,-0.0204347952838312,-0.0505979637137828,-0.05412980515248,0.0775127784875058,-0.00111383957706939,0.0171933493228869,0.00239764959668307,0.010248899251491,-0.00628419632774223,-0.0338872837417514,-0.0331236574658085,0.015862473282683,0.00211707163246456,0.00121749277328791,-0.0239254949727203,0.0162730616399635,0.00837091984913491,-0.00514628899582716,-0.00937500346131364,-0.00275993632842785,0.0014650347476143,0.00100930207441265,-0.00121560805428815,0.000327713737182555,0.000290942097753021,-0.00118494299658539,-4.50374947265895e-05,-0.000116189286854049,8.16732652968308e-05,8.31451253714064e-05,-1.98872199369478e-15,-1.43261217874958e-16,-2.86989454863866e-16
q21notreat_29_c1.tif,Healthy,1.84964281081625,7.06477170585848,-2.42759657493899,0.132759565123482,-0.732683628988585,0.00658776918535644,1.0701730722331,0.723440224574111,0.324936931625561,-0.265821580291377,-0.0468808930412116,-0.0833610105505362,-0.0184586857362618,0.0878437875983609,-0.0192964303490872,-0.0788974726544584,0.0296853745494613,-0.0680679760128471,0.00513374291284645,-0.153707897821303,-0.12015110649877,-0.0410636165876676,-0.0826270201853772,0.00674353795174435,-0.0667760917276553,0.0462183279868082,-0.039122584462834,0.0156642568585153,0.00841493173578913,0.0352333742350793,-0.0262656401034595,-0.0395031993866292,0.00137410046331579,-0.0177523567134421,-0.00148689939891911,-0.000391638978488866,-0.00207626941438976,0.00140422288309226,-0.00103390519040949,0.0038009080129705,0.00330784443865258,-0.00260432349093845,0.00160771871193998,0.000610291758746626,-2.63047965842074e-05,0.000201870199467037,0.000204232311732911,-4.6465826938526e-05,-2.27445306952015e-15,-7.40384246423651e-17,-1.20981085093565e-16
q21notreat_30_c1.tif,Healthy,0.281424146242547,-3.45750794000658,-3.11724588321957,0.223228969999654,-0.502929866698518,0.121519270571216,-0.206327188527347,-0.13531897289824,0.206215749966641,-0.0460630027929455,0.0714471369299754,-0.142057719826735,0.230000363495723,-0.259892163858867,-0.00303261970681033,0.0394316668579678,0.0750117597080779,-0.0607975780117849,-0.0149290807131366,-0.0194991451184079,0.0762344399714023,0.01567749238369,-0.0562789701145816,0.00379172748101807,-0.013406403388111,-0.00330851934161916,0.0427987167517565,-0.000875355103425533,0.00341348674715506,0.000950445815890995,0.00426683542610633,-0.00744002496778257,0.00586245194861597,-0.0038312117433301,-0.0011154965581434,0.00438333071979162,-0.000190575631347067,0.00379028603095456,-0.00225548087313862,0.000566444695215485,-0.00106137498656859,-0.00100381075976462,0.000166326005943226,-0.00148002736562703,-0.000207114222453139,-0.000739468691731169,5.81251722394916e-05,7.65726700834546e-05,1.08713869681944e-15,-1.72598640459359e-16,3.24609391736111e-16
q43kinetin_19_c1.tif,HDTreated,-1.21435587280041,-3.98787015927176,-2.06621416757268,-0.143294354583594,0.0224718399233645,-0.0569455116268945,-0.398106532283927,0.722458392987523,-0.0274318579906437,0.240247010385675,-0.157401930981883,0.165376354540387,-0.200900218234927,0.0655164042816978,0.0680692027995307,-0.199857553025427,-0.0648332382639198,-0.00571939773930607,0.0503161564683429,-0.0175633122892453,-0.0172776743758504,0.0300385385385611,0.0232031819503794,-0.0103960665570517,0.0118165311317635,0.0182292174139612,-0.047545429734128,0.0509690876188972,0.0133166896204253,-0.00211742300303905,-0.00907888095832489,-0.0216075663504165,-0.00118148477252011,0.00216242237427404,0.00205777935705105,-0.00255734763227033,-9.31003214811946e-05,-0.00415666160920346,0.000687269420769153,0.00362901226101276,-0.000976058710321318,0.00126160723350483,-0.000346412290487459,-0.00147994364665528,-0.00058951660747299,-0.000461830268562306,-6.30395240195851e-05,5.97892561961086e-05,7.92851959083196e-16,-2.07260345394885e-16,3.23577060374231e-16
q43kinetin_20_c1.tif,HDTreated,-2.50178136755134,0.548167541461467,-1.49072835946943,0.0436869337444668,0.756542609847737,0.188150289061356,0.78967744092148,-0.431457374519645,0.0607304123031163,-0.0821412038733639,0.187680689141812,-0.352369861664119,-0.0771945417436982,0.107530542288841,0.335467769424252,-0.11365427818809,0.137766496080312,-0.0860255127560875,0.0953413047391627,0.0204398230340155,0.0204987127954447,0.0572574292044016,-0.00401375751432753,-0.00622894455343223,-0.00253135855975655,-0.00286590229102782,-0.0319292174845747,-0.00540411926190084,0.00476848063946529,-0.0105445699221237,0.00927725775734001,-0.00233622222319047,-0.00337501515959712,0.00386995549083049,0.00167317747195775,-0.00171795410129746,0.00101038701249231,-0.000465717182724944,-0.00195992100910732,-0.00245740222261526,8.10972616233224e-05,0.00266323751988701,0.00150329190237147,6.70722190824827e-05,3.79274792455288e-06,-8.96478615044732e-05,2.98936071666408e-05,-1.66530478335378e-05,-3.44550078941838e-16,-8.98926776167946e-17,4.31893135242586e-16
q43kinetin_21_c1.tif,HDTreated,-1.87135384571195,-2.36025184801214,-0.431104273153407,-0.554921368290637,0.308844659248212,-0.0531869960097997,-0.197686458447856,0.179547758902297,-0.147102890681242,0.242429609959693,-0.236770589832329,-0.165029362945952,-0.197675381318853,0.148350251981898,0.0333227484887974,-0.0628815764306695,-0.0534754592747034,0.00375466222845008,-0.00682881980071361,0.102083832680012,-0.0891998282042808,-0.0512327913863262,0.0744160643229501,0.00699559023154052,0.00325949569868946,-0.0201053161059559,0.000267982069171982,0.0108928017402713,-0.0109373039115688,0.0263345359211857,-0.0151121023219776,-0.00839706215875898,0.0165877510628669,-0.000756734419157923,-0.00372069105059929,0.00272529259506945,0.00147430838743558,-0.00704656961498873,6.39269263194922e-06,-0.00252737329453049,0.00112116646339018,0.000578733551718777,-0.00213430627160081,-0.00149321915713978,-0.000371003524409463,-0.00022095702594769,1.64796106984941e-05,0.000118211630527166,6.57170600042441e-16,-1.69788302909936e-16,2.7107977276561e-16
q43kinetin_22_c1.tif,HDTreated,-0.698466203514379,-2.76119196605687,-3.27828546415369,0.262812676014599,0.00316739096080011,-0.185815748321774,0.513979562298363,0.280905130298677,0.329275891478757,-0.0661292506139198,0.145877148773549,-0.0240806468275554,0.219442602566049,-0.207565825893588,-0.161832645513403,0.0187325773575456,0.0868465184408128,-0.052308574555721,-0.0240635385150596,0.0489899951293735,-0.0253271573971994,-0.00120035847006657,-0.00778669819885369,-0.00511010223461348,-0.00662304643270488,0.0134846881457886,0.0323189007322482,0.015654915204067,-0.000449928787847016,0.00796695005218651,0.00496070305045568,-0.0188030741184462,0.00344698880232894,0.0126954428879881,-0.00119845113327177,0.00464411984503459,-0.00288090823765234,0.000118540234677944,0.000157532419923591,0.00293338526205852,0.00116447817310592,-0.00216250720357467,-0.00111026661945348,0.000299622158532773,0.000832451123199245,0.000403366532344395,4.08926545830917e-05,1.76310758290561e-05,9.67362256171889e-16,-3.97204829249834e-16,6.56976452747334e-16
q43kinetin_23_c1.tif,HDTreated,21.082216084405,-1.84825762714439,5.46165209380906,3.22471384139025,1.10425780185556,3.29044947738285,1.40715390346656,0.269619726283505,-0.0322705295986744,0.557817517885469,-0.337935697146438,-0.184028596725812,-0.372607838013192,-0.194181173502635,-0.161935393840707,-0.00398058071482138,-0.0309420121637022,0.0179414362451689,0.0640622222909448,0.0403150964029526,0.0347967501574082,0.0640900977151263,-0.0223133938611794,0.00396569738799327,0.0262956018424041,-0.00748940854477992,-0.00130349164370616,0.0449667475577294,-0.0107708471642374,-0.00759404369006023,0.00324270531572624,0.00168839612551214,-0.0211166656774504,-0.0137716680366962,-0.00412498006480644,0.0086308732537434,0.00333929460615051,-0.00273820399556524,0.00178266183242315,-0.00172793612044309,0.000900318479722273,-0.00111609966113441,-0.000445555857197827,-0.000162884237622909,0.000144052350405259,-0.000104268831088539,-1.08274135980461e-05,-7.4489003605252e-05,5.25829539685281e-15,1.86717102461789e-15,-1.2336493469997e-15
q43kinetin_24_c1.tif,HDTreated,-2.30810925176341,0.90352393339646,1.39809877754208,-0.713490753768268,-1.02795335067312,0.318714344173833,0.269459423871599,-0.213906810450155,-0.0243145931589397,0.481505374804575,0.0165509916567574,-0.152790257260817,-0.0336200906984586,-0.0104497746984649,0.0845280330086592,-0.0176648530753903,-0.094783708629657,0.109884038010437,0.10141300765705,-0.0790488420875415,0.00169204625346447,0.014656824996525,0.049062757188446,0.0429136640666542,0.0469659064666857,0.0489969474869155,-0.00573773809699496,-0.00656247987400051,-0.00699874933576446,0.00548512624140075,0.0261752703348009,-0.00994855887543242,0.00776005394721724,0.00467126033903028,0.000575127084838992,0.00556517324174727,-0.0100883494343595,0.00528835335995693,0.00421534448327408,0.00181198956790262,0.000637654035568334,0.000397415164266854,0.00130263091044443,-5.01323010597542e-05,0.000268993439663181,-0.000178664642065475,-0.00020801110367142,-4.70319249756142e-05,-1.86050654247231e-15,1.17754493159123e-16,-6.07884116102725e-17
q43kinetin_25_c1.tif,HDTreated,-10.0578360941184,2.11660958194761,7.7055449474246,7.19296029966077,1.29414063949517,-2.59443386046183,-1.57744642704699,-0.138857846112184,1.06307020014441,0.73352028656368,0.00681767667415558,-0.397788541827942,-0.0586758066692951,-0.0521241270934011,0.0536059305233699,-0.0620949290245358,0.112629352989264,-0.0175610721653186,-0.0531341179873684,-0.0830984235153541,0.00208715459407285,0.0191862197545962,0.00191355519067626,-0.0213022451522062,-0.00642026774249274,0.00839555373669744,-0.00642039173976409,-0.00225655852058494,-0.0157608722934294,0.00876169228980272,-5.234876879745e-05,-0.00467984187228206,-0.00490804272155823,0.00374655792374619,-0.000804444749426314,0.00292459977526503,0.00212334846259934,-0.00327346159061653,0.000397252682549941,-0.000509693802221226,3.80070676794242e-05,-0.000149148238847865,0.000121735871316281,-4.02402004535695e-05,0.000195292973820036,-2.33231908308936e-05,-3.38098595833918e-05,-2.59746854655346e-05,-2.65946615530427e-15,-8.37709115332649e-16,1.53519758973016e-16
q43kinetin_26_c1.tif,HDTreated,1.25606902199111,-0.729772968640438,-1.52563441317096,-0.0784979744522749,-0.430145911039024,-0.238201401476741,-0.315132144325878,-0.285053295648848,0.0508266889762825,0.235815437286669,0.10649875478477,0.029373787573936,-0.093005851304796,-0.0674397463772172,-0.162812478090384,0.14847100469938,-0.0837647951147046,0.166136912839138,0.0178251608281807,0.0642554006178036,0.0220351168054781,0.0288331624355812,0.0138052239549985,0.031332695836691,-0.0356107855642162,0.00574685836368636,-0.0121393748471416,-0.0748490289611317,-0.0161310392090611,0.00387795145019002,0.00966272172057679,-0.00837106860938393,-0.00712407902994201,-0.0131822621873346,0.00116004556195379,-0.00297381572179191,-0.00308685617138991,0.000729484961200164,0.00260625887681182,0.00522263415654807,0.000201370474767475,-0.00174653183790903,-0.00137016691894843,-0.00104249288326276,-1.88877616509662e-06,0.000510424449674818,-3.71122523554098e-05,-0.000168984271241533,6.68177411689954e-16,-7.46941206413429e-17,-8.7476965838742e-17
q43kinetin_27_c1.tif,HDTreated,-1.43168886320152,-0.0347178402191749,-2.18098387965082,-0.149964747546268,0.327124818404592,0.168717839391259,0.623666842600861,-0.108400365242225,0.229847092291537,0.0243047746646452,-0.372175364568573,0.0965967988297624,0.0575506295405704,-0.0960905752492034,-0.0818655044618645,0.0550480009497726,0.058027135425098,0.0207536546074918,0.00859003823561979,-0.00616470003313424,-0.0543040657478007,0.0149292229111182,0.0735906698397072,0.00612479521446401,-0.0188239062226117,-0.0240164271711742,0.0101009488677606,0.0106162989887488,-0.0329420803446533,0.00491815377254541,-0.00956491541808616,0.00324169648122184,0.00299223406653837,0.0176631190289187,0.00712463517640582,0.0107978951274048,0.0074027805441557,-0.00393390465800345,-0.00277682291791465,0.00227122324231614,-0.000757714236581906,-6.3596758883757e-06,0.000105087968724169,0.000469575269652413,0.000150669710947243,0.00033298982455767,7.33649330466419e-06,-7.13231076220972e-05,6.62972561997353e-17,-1.63536738988378e-16,3.77373962259757e-16
q43kinetin_28_c1.tif,HDTreated,-2.35441272523996,0.555112026190199,-0.533157162005759,-0.694694901983281,1.15646737746841,0.438706113026285,-0.339729003961651,-0.291843088252209,0.128718425239391,0.145586449514826,-0.234753333332886,0.10469186997617,-0.220866427936493,-0.094924927261541,0.0318053402314876,-0.021918358950318,-0.0114039408773198,0.0650801915029749,-0.132246963499587,0.0212389683281718,-0.025373183033978,-0.036661817215189,0.0365679349043594,0.00240190498403444,-0.0283570749145721,0.0301240355746397,0.0130279273296566,0.0063489613786879,-0.00281337617631909,-0.028193079389881,0.00143709955923815,0.00560675411332355,-0.000897756312748382,-0.00105083105677327,-0.00907680609897918,0.00245052095391148,-0.00150527939815124,0.00188226880353733,-0.00281375742576388,0.000671483920327717,0.000175844664554503,0.00159662183991004,-0.00236584320282921,0.000685726256230621,-0.000328074305023469,0.000404985671006894,0.000104839910613721,-0.000153039337888104,2.13666050466311e-16,-2.27831075188668e-16,1.27497715020254e-16
q43kinetin_29_c1.tif,HDTreated,-4.39319750602917,-1.62081627357068,0.490594155174566,-0.170381488569587,0.0670542583840109,0.551385851931927,0.364251401971129,-0.3719101580473,-0.0767125222496187,-0.376553583245356,0.118088665095298,-0.180258450065738,0.00137326825167292,-0.0489798854063026,0.057003621867609,0.145284399547151,0.0213994582817168,-0.0395073738898281,0.0455692548112314,-0.0457370183746269,0.0113975429131345,-0.0588297021923877,-0.0453501771234564,-0.0242885540608148,-0.0289113302724856,-0.0118786470918534,0.00645098915541021,-0.0199459605069981,-0.0305583073175545,0.00656612818249271,0.00135496711980279,0.0192369156869442,-0.00173221236344079,-0.00720406842765859,-0.0107049572446919,-0.0067582111313584,0.00659343889170068,-0.00464538484632483,-7.37823868698154e-05,-0.00401865760249143,0.000607133631027226,-0.000979454567323993,0.000170909710874904,-0.000226960214140066,0.000147577850139422,0.000295016807658137,-0.000137686240328207,8.36760322274756e-06,-3.17581432539417e-16,-1.44144910678761e-16,5.41804446987062e-16
q43kinetin_30_c1.tif,HDTreated,-5.64905308723544,-0.331471141940132,1.45064141226433,-0.0743161639360816,1.05207575406486,0.75883061706696,0.129554933217134,-0.770950347068306,-0.158572925332917,-0.611175177981117,0.340602368015147,0.177404488620568,-0.182117764167115,0.134542167798853,0.0265763481250965,-0.10431680565405,0.0825296225864281,-0.0594225907360927,-0.07343134355306,0.0385218187375517,0.0195085634105443,-0.0127823594811788,-0.0484695960249453,0.024899518045275,-0.0112055835451688,0.0456170846975622,-0.019159231296132,-0.0205039568072809,0.00467664383106892,0.0102424131646382,-0.0106812665507488,-0.0174705064840458,-0.0147064668879332,0.000584922167938227,0.00117585286010957,0.0158685145494105,0.0107706274087869,-0.00072526254487959,0.00165975724143914,-0.00236742673982051,0.00135982653191846,0.0010234932247961,0.00134184603419766,-9.76763889619374e-05,-0.000223204438878593,-0.000251161514573918,-0.000243964591973067,1.67540332026144e-05,-2.82247072868136e-16,-9.84401840942563e-17,4.30230045311049e-16
q43notreat_01_c1.tif,HD,-0.568953239987891,-2.60639357570187,-3.50663666527067,0.188481262302539,0.333249766828034,-0.202524268989503,0.597023535638697,0.249849200659103,-0.0459080062744756,0.277236265221426,-0.0724628999498443,-0.00114212385591737,0.296369298076741,0.0105759691752426,-0.409417357674438,0.0564855125704707,0.0404403818643413,0.0342485827764355,-0.0867556485133619,-0.0324894397591003,-0.0549193389416558,-0.00685568244298356,0.0354780150660641,-0.0231353080234482,-0.00464901289397773,-0.023003342929952,0.0330304873067119,0.027872227648241,0.0255755891572642,0.0182843171119123,0.0119173546353991,-0.0374435393340861,0.000836049514281706,0.0103081331282513,-0.00526183916625184,0.00513011841189774,0.00667490141076634,0.00358021420333483,-0.000408729025849139,0.00128233451442188,-3.02139964946033e-05,0.00144024047283088,-0.00163838226256306,-0.000346675472664141,3.05530560145038e-05,8.49486996179821e-05,-7.9547618172904e-05,-4.86856262547856e-05,1.22871309688266e-15,-4.19749335801285e-16,4.35568013711637e-16
q43notreat_02_c1.tif,HD,16.7858030407743,-2.4065640520229,0.648990034028088,2.84821877658578,1.34288040599515,1.4857927274652,-0.65958288287358,-0.388637730647606,-0.475207773131352,0.421696660327064,0.762502122626725,0.26986321945207,0.345961777633849,0.131942251532008,0.0881622578961234,-0.0981410067873129,-0.230510354395611,-0.0550079610305705,-0.00476438821966341,-0.0217116704768971,-0.041149198973327,-0.0538131627443821,0.0293032246440971,-0.0300847726494797,-0.104028010086168,0.0279475983603038,0.0145049584516499,-0.0270797890090171,0.0113146108256723,0.00962924778112884,0.00461007953950099,-0.00340277304292758,0.0336873556817041,0.0150744575516496,0.0170083032680083,-0.00859967960016,-0.00365151934658986,-0.00144207893770598,-0.00123147701802778,-0.00198530619411891,-0.00103126772392598,0.000187614112429735,-5.45019584269404e-05,0.0005799552082138,-0.000314455282265317,-9.64931230822488e-06,-9.88216715728379e-06,6.31603532392014e-06,6.1767840674768e-15,1.44465219770543e-15,-1.25801673047553e-15
q43notreat_03_c1.tif,HD,-3.38740336768975,-4.58709447806797,-0.694900615583037,-0.184945127948294,0.607047608981567,0.368418518968932,-0.789822699220534,0.209529564565004,0.19325925606691,-0.508977051184692,0.590171272212367,-0.24145453407338,-0.108941615041197,-0.209656774883085,-0.0783430026797367,0.060739173050876,-0.0188555079710476,-0.0103013869764066,-0.0103549497370307,-0.00551222007392005,-0.069994970851966,-0.0967763153568745,-0.0436282645194258,0.052650548964461,-0.00191017923091726,-0.0534176446853466,0.00110817999133127,0.016260178649225,0.00696984470789605,-0.0258926875847202,0.00636536442029476,0.00264272872616597,-0.0114453265265242,0.0104311586400223,0.0119167949483965,0.0200628911369172,0.00594344491512921,-0.00206009130886847,0.00210646922173719,-0.00292436915656104,0.000642796352281344,9.97092278881874e-05,0.000777218487697092,0.000391957349700648,-5.29742867848653e-05,0.000238108365374748,0.000255328589143317,4.14361389793809e-05,1.20165076431044e-15,-2.72305759938919e-16,2.10062610405519e-16
q43kinetin_02_c1.tif,HDTreated,7.11468141900887,0.348289217903031,4.78806041132595,-2.15364897512234,2.16084533551673,-1.63577739192268,0.812710493895038,-0.68587262644746,-0.267711044020348,0.0728971953767402,-0.085094814252671,-0.0255246707125885,-0.224433473662249,-0.0202883737846256,0.0504308073936381,0.0986423159953396,0.102582633921285,0.0916361489766703,0.0668733409607346,0.0498344364223122,-0.166967940050949,0.081578107613919,-0.0430589249315915,-0.0270875454076091,0.00960196751932291,0.0314035527742671,0.0345528822141264,0.0454705036031125,0.00334914110411955,-0.0125600276184897,0.0208849255918093,0.00371749131402788,-0.000595201066722395,0.00107164329437608,0.00709371432967176,0.00146396681123978,0.00609430057782828,0.00484634981874715,-0.00208192522613265,0.00365528053341885,-0.00112406571793028,-0.00357854111396365,0.00124060135042581,8.8271685711773e-07,-0.000335240464749226,-0.000249840283262182,-2.14615788359553e-05,0.000107130992593868,1.6168909081355e-15,9.99579451765428e-16,-8.25265334660477e-16
q43kinetin_03_c1.tif,HDTreated,-3.5034448266631,-0.618905292814847,-0.903347858082604,0.303709087740819,1.1796786520405,-0.0428619742743172,0.261665257188113,0.353771148995478,0.00197600881674091,-0.0526230610455838,-0.340281876920067,0.121212695095639,-0.0424999499493437,0.0211986243789999,-0.134999561173875,-0.0584734622837208,0.0165352089228346,0.0760248257958952,0.0631328262714723,0.0514004947183439,-0.0412955658424226,-0.0863046114278385,-0.0455550744397588,-0.0178326675126519,-0.0201467737264937,0.0377375720233021,-0.00604847082546257,-0.0260248963277537,0.05582810773702,-0.00849324710078554,0.0191276294090424,0.00766623596477214,-0.000533321683978738,-0.000744068900608782,-0.00538219755243249,0.000425245140439241,0.000922303767396632,-0.000219495217713986,0.00066348937466449,-0.00291842679113654,-0.00474738161130336,-0.000307802215490944,0.00083016816965005,-3.55303392369248e-05,0.000309279643496313,-0.000110507286816408,-7.21779718396399e-05,7.11399658785594e-05,1.87583040618035e-16,-3.58783607496964e-16,4.31530063275809e-16
q43kinetin_04_c1.tif,HDTreated,-0.955838706933347,-4.22022109839187,-2.75754737862062,0.24414357986894,-0.41758189777464,-0.100259219248288,0.309734841337847,-0.0789104849470152,0.298532161169688,-0.0744416477102629,0.225839544765761,-0.243865615140402,0.0719672994533974,-0.125254465731816,-0.0657395868236728,0.133433213401227,-0.0143400851791322,-0.106000272601489,0.0118106847017994,-0.00416166987992515,0.0589471597253847,0.102431190046911,0.00108964933613339,-0.0190351690903376,0.000761015726712437,-0.0229557077912495,0.0283071867214507,0.020728188509103,0.00505408627197586,-0.0129720386054283,0.00859478695784169,-0.015736183961376,-0.00359525695267193,0.00199127682516737,-0.0031946106247653,-0.0187297783101012,-0.00571447456254291,0.00297008915764241,-0.000541191455492702,-0.00229029134111703,0.00285888282485394,-0.00108749219505048,1.17848864404774e-05,-9.8075485381114e-05,-0.000519780267583069,0.000505290732649862,6.07091444300205e-05,0.000280127492615012,1.08427568938022e-15,-1.02990536375112e-16,4.34541096366789e-16
q43kinetin_05_c1.tif,HDTreated,-1.76852661931451,-1.73279629932329,-1.42859193764721,-0.0579537471541644,-0.625160297145206,-0.038680623996917,0.861946566382691,0.185776317981364,-0.164960536751259,0.194986302614924,0.158959011871382,-0.345585817333742,0.0864917577670722,0.00960698555128633,0.121645485624042,-0.0527402355120817,0.159101062979403,0.0120694713291392,-0.0265888228552798,0.102764197661388,-0.0600691678693584,-0.0938521427140757,0.013599431208078,0.0164192860495793,0.0100959448774143,0.0304960572565756,0.0117216509137992,-0.00384171898586541,-0.00215956976552118,0.0207254158460668,0.0106723751924016,0.0311208489913498,0.00663310327356062,-0.00360442078571487,-0.0094889390509266,-0.000938191897406911,-0.00242035799632292,-0.00332844991860443,-3.56877087808877e-05,-0.00348588081247807,0.00311121837754393,0.000558043478689239,-0.00180947729912869,9.80112738407761e-05,0.000576112324151961,-0.000216483697357709,-3.07063550598137e-06,3.48932716223278e-05,1.64257408656506e-16,-8.93035757159484e-17,3.22677262581298e-16
q43kinetin_06_c1.tif,HDTreated,-6.05338616461464,-4.21333866295459,2.09411214706196,0.730596455128575,-0.290415964606271,0.401241667087251,-0.202371823455784,-0.0873951355327964,-0.415025606223021,-0.938077340313598,0.192330940418067,0.387531276703002,-0.0445647321326495,-0.284258098925247,-0.158953578335554,-0.00149159962960592,0.0296119805620248,0.0970682299482128,0.0821868202181008,-0.00574566862410961,0.0585724799450536,-0.0463782432845242,0.0404333252662392,-0.101506056188169,0.00576883793717578,0.0035691386370835,-0.015699658751273,-0.00238572984360011,-0.0159780271074347,0.00726956827696187,-0.011116372362123,-0.00283867083452045,-0.0104878053338576,-0.00086782560677064,0.00138073407475887,0.00217729333021521,-0.00318742255809052,-0.00626814915212712,-0.000783866241552834,0.00300269767518483,0.00162235754873065,-0.00144818319510042,-0.0009696706049146,0.000225993644546337,0.000206138154382853,-0.000389887173525322,-1.76265705723901e-05,-9.47321467167006e-05,5.41466112340732e-16,-2.52011270582866e-16,4.30160396905712e-16
q43kinetin_07_c1.tif,HDTreated,-3.93750987234958,-2.11066986393496,0.282758830449176,0.031351417012586,-0.0748700485640177,0.206245231153946,0.457327142286985,0.14637280884577,-0.629307973766613,0.0550691910119569,0.198400087804895,-0.338432399830551,0.0371643705759368,0.0383480797373482,-0.119067519774356,-0.0862952955755115,-0.0329878916677169,0.080096819590682,-0.0756140416568069,-0.0787175078453245,-0.00982001203430033,0.0183563071205318,-0.0327035501325682,-0.03339399300502,0.0402225354170198,0.0227676886541792,0.0266136291304655,-0.00491494322770532,-0.0301671400415843,-0.0324947333364501,-0.0134603253519274,0.0290771153220671,0.00372505041570975,-0.00397875739303196,0.000335092075601756,-0.00761811338274478,-0.001616722346103,0.00376885932310274,-0.00294049176665992,-0.00354422034808546,0.00179633363472415,-0.00084647190859293,0.000841032196375694,-0.00114284757860122,-0.000238779325518429,-0.000156328420003419,7.9443690817528e-05,-1.8479200071713e-05,3.58081384975803e-16,-5.49005958059172e-17,2.09803971545984e-16
q43kinetin_08_c1.tif,HDTreated,-5.73212267681034,-0.261634819483601,1.71775140269436,1.43950869612564,-0.00916261175096009,-0.0299558203985251,1.03517505155144,-0.362481893015022,-0.675268009836418,-0.545594514966169,0.0450289533371365,0.0678152337401838,-0.0387086393470331,0.124537401923591,-0.00894385815963537,-0.00664137733644232,0.0517265262966048,0.052855891065865,0.153315779761112,-0.0403430353176936,0.0583222205902317,-0.0137005514906741,0.0523844506360703,-0.134729931426286,-0.000899387459405113,-0.00199598503534713,-0.0134536278396269,-0.0407160316289059,-0.00664313333779265,0.00506762377039345,0.0138168086165433,-0.00216293057399203,-0.00680319954682218,-0.000575679268004076,-0.00335284598101848,0.00364977483512996,-0.00345387382537409,-0.0022407039075845,0.000755976295198156,0.00412885910599561,-0.000351339150651567,-0.000178488539797229,0.000412820670392071,4.28673797124106e-05,-0.000321246884343956,-7.57616100786609e-05,0.000161299083304126,-4.78655168454397e-06,1.82980680018314e-16,-3.41175475762581e-16,5.41101465516825e-16
q43kinetin_09_c1.tif,HDTreated,-4.3420559728521,-1.7955004266909,0.986166782400213,-0.330065273170233,-0.264583691264436,0.522441035984521,0.0771133569138192,-0.0554588029968883,-0.0155860905243705,-0.0890928794387351,0.118767087631645,0.0796102758347813,-0.0203290881039414,-0.153131231467978,0.0433997856385978,-0.150281082285079,0.0701788330781977,0.0216188710880146,-0.0487225516149032,0.0677063105156789,-0.0431484724831,0.021099811560348,0.0305431226255627,0.0588134478671252,0.0186659623604924,0.00181187779299535,-0.0359609543235443,0.0181752335348186,-0.0339145849888243,-0.00968318544368416,-0.0138408402356144,-0.00561477693264455,0.00788513092979234,-0.000205507236235704,0.00165096750206756,-0.00276989384215585,0.00228235767709299,-0.00443484484526233,-0.00277648082732682,-0.00185920361003979,0.00171976887984655,-0.000678505720664396,-4.72946626840238e-05,-9.82040341641877e-05,-0.000656817496683532,0.000996739803666397,-5.50002987592855e-05,3.73674471886972e-05,-7.82719805822289e-16,3.25935796403966e-17,2.64667995922948e-16
q43kinetin_10_c1.tif,HDTreated,-3.87415895733115,-2.5163862714485,-0.71442545954249,-0.159338778292521,1.43648951015215,0.329874457991305,-0.247728472634547,-0.263881872223497,0.120947351465896,-0.322410328008841,0.224268436517388,-0.0828164603655253,-0.278687977289475,0.17214682665804,-0.220574273542681,-0.00719388242001441,-0.0519975583707964,-0.0630177892918654,-0.115726360890395,-0.0106593144043128,-0.00207596461986342,0.0413803880747151,-0.00423539731837041,-0.0378101562383666,0.0429417813366892,0.0175630534530257,0.00213006351179288,0.0016035336105366,0.00722863113345175,-0.0118520675749505,-0.0185484802186678,-0.0225272386180247,-0.00270834422103089,-0.00165423924088284,-0.00437218425049764,-0.0120945191353883,-0.00630772461327972,0.00116397356660598,0.00143845727997576,-0.00360125225671949,-0.00364194140883001,0.000547426039965153,-0.000262393190632038,0.000126995681460484,0.000335957029987261,6.43086794643124e-05,0.000138586006798246,-4.59293645096636e-05,1.29658557173046e-15,-3.52888106180428e-16,4.31588291749927e-16
q43kinetin_11_c1.tif,HDTreated,13.4879551939331,-8.80981642774847,6.21374875266403,-0.976792159905609,1.74497681446534,-1.24963842389203,2.01391319441919,0.228298695952538,1.28053800886983,-0.790980460940931,-0.115745477143137,-0.0589456198573693,0.540401310041998,0.0550690694028907,0.265382448132949,-0.143191030934145,-0.25792530689643,0.130582096070774,-0.138553393293763,-0.0323625863481823,0.120328271637384,-0.0646234728317798,0.0431512913330576,0.0184629952799591,0.0311331174344566,-0.0194328578967942,-0.0195104397233923,-0.0292031486884314,0.00625156077974776,0.00376740889492,-0.00589118059838389,-0.00370341487539583,-0.00609524597201916,-0.00034591014845968,-0.0101545131651868,0.000481071667842448,0.000192894686224077,0.0019608675767242,-0.000343510738116115,0.000880623150018689,-8.64118202128505e-05,0.000517910158115781,0.000571659692382542,-0.000254514095350235,0.000153531287697427,4.65496870377738e-05,4.30975824876716e-05,3.7869844029886e-05,6.28611982035797e-15,1.79729101787478e-15,-5.447892535115e-16
q43kinetin_12_c1.tif,HDTreated,-1.40182016495236,-2.14999524454866,-0.980196816515193,-0.744713521779131,0.921547859925566,0.297043017833965,-0.921902356991486,-0.300809025976327,0.297939283808079,-0.0123543738651807,0.0841147874061662,0.126327439457083,-0.413591097809883,0.0351965765558504,-0.11877310404858,0.032288422801451,-0.120367996459929,-0.0221186422225649,-0.153371311321138,-0.022040463489918,0.0564516367563864,0.0758039772867924,0.00658657426914131,-0.00997480171395073,-0.0209166045404767,-0.0112809174519649,-0.100093868889846,0.0150633205155035,0.0204362874844408,-0.00420113549340856,0.0130468343556187,0.0280260941557153,0.00926558480285342,0.00752930965495214,-0.00588748882329362,0.00498989719510733,-0.00621179268650437,0.000798103064710079,0.00346949569097117,0.00362440270620885,0.0001288758551748,-0.00138636146147639,-0.000994860582590422,-0.00024994608748397,0.000594153307763068,-2.80854953800284e-05,0.00010041451353572,5.71803235370057e-05,1.18925120627927e-15,-2.75885405033538e-16,1.2986845162361e-16
q43kinetin_13_c1.tif,HDTreated,-1.97567790533104,-2.38140893204587,-1.24525855317853,-0.218495353531631,-0.619102140467452,0.146882650195589,0.513784502893823,-0.00122786294194278,0.0222476840680839,0.151581873476884,-0.0914251243476472,-0.190197332339774,-0.0625152416617668,-0.00541126388213497,-0.0537662634126085,0.114141258860367,-0.040033758140599,0.00149805165015445,-0.103494965683546,0.0256760828443551,-0.0408794199700732,-0.00622448455942074,-0.00920121141946763,-0.0380655562888114,0.0196122500575618,0.0135844733495928,0.0035194473859101,0.0262008944701843,-0.00342651192481541,0.0269241306859308,0.0112265269800217,0.00153438181790255,-0.00176683125021826,-0.00438670594330158,-0.00215655222410595,-0.00712193090193972,-0.00718462695589597,-0.00034051398690977,-0.00412932474295899,-0.00338680709752229,0.000213686310200155,0.00014903862186031,0.00224277770916403,0.00012246237618954,0.000299406214381218,0.000340644035036894,8.73096035893309e-05,-0.000165201799124618,3.20714589145751e-16,-1.86457680742909e-16,2.10937067572212e-16
q43kinetin_14_c1.tif,HDTreated,-4.43456471512669,-0.151575965738137,2.33970271310303,-0.525270332776516,-0.915662045882214,0.642712538233462,0.538924862215652,-0.522909113771058,-0.372955935897147,0.0728879108922252,0.157358929669253,-0.170677225333086,0.141545017775287,0.031350887315066,-0.0281928172411338,-0.0646584941513969,0.00607575872076917,0.0209077480721599,-0.0305063852002518,-0.0444130516105389,-0.0560805404954827,0.0159963259256003,0.0514523594300235,0.0448359883721863,0.0499161184435101,0.101446544129035,-0.0185613148703973,0.00281953574773137,0.0235013772432844,0.000573160293797711,-0.0243382398108096,0.0103349306157481,-0.00703867811816505,0.0105421368362657,-0.00146937330630999,-0.00623794003970325,0.000368110578753085,0.000974333078829,-0.000391151632587253,0.00181040167320842,-0.00165144555867081,0.00236567283379327,-0.000597224417535859,-0.000433693059767443,0.00025960090659278,0.000154736078758578,-0.000251061092231817,2.09183640576089e-05,-1.19612966905885e-15,1.49308131058284e-16,2.67472222100614e-16
q43kinetin_15_c1.tif,HDTreated,0.38545835177362,-0.0418181533292154,-0.562092821450955,-0.553289824650015,-0.44601791138734,-0.0321741759142201,-0.0675904794774207,-0.35030848339604,-0.209796320490549,0.285088289654182,0.15987628201821,-0.256212191984204,0.00765797422340236,-0.123148458354686,0.0225159377871471,-0.0405604327710616,0.0461613268865935,0.116389989871437,-0.0715414905362074,0.0200553365737808,0.0420779017384759,0.0513684705781976,0.0156617778253294,-0.0153019879885219,-0.0169749045556659,-0.00870362702578321,-0.0432070821824966,-0.00244251922735577,0.00470643713047883,-0.00212315831805705,-0.00244416792256649,0.0252664218869999,0.00861359479170724,-0.00903812980606732,0.00537072032595957,-0.00356150478879751,0.00687433108691762,0.00108285933082418,0.00105528704000125,6.72402898844373e-05,0.00166029352049399,-0.00204426806372871,-0.00180341068343545,0.000322448007474605,0.000266432151751633,-0.000124589792453433,0.000209986474480098,-4.76590547476929e-06,2.29295106238814e-16,4.26485630762351e-17,-8.73036287460406e-17
q43kinetin_16_c1.tif,HDTreated,-5.81128949983322,-2.05492197574273,2.16845487241942,0.892926191690466,-0.156988070307985,0.160272731340402,-0.077838097277005,-0.0686756319027095,-0.0573437103546849,-0.240198907551516,-0.0702848444611149,0.278209515397484,-0.17785253384174,-0.0910580873325472,-0.0237433546463199,-0.169615309578212,-0.00550417783654014,0.0140619906540982,-0.0192086453844303,0.0530846474456295,-0.0166154079171968,-0.00687184258084727,0.0633369751022467,-0.00842566927598173,0.0680375605515112,0.0267629238856254,-0.00346253279685384,0.0310898005751485,0.00253756974495411,0.0142725103467735,-0.0171492431152486,-0.0138021062039117,0.0147198528203377,-0.0046129244217801,0.00834334109601817,0.000545148483314314,-0.00831271369654453,0.00416263827975964,-0.00315564707444259,-0.00171974324063513,-0.000359244929773336,-0.00048271642342815,0.000165927799398743,0.000860924386631657,-0.000130985122862873,-8.30299527647058e-06,0.000203191477818892,0.000155333464715697,-3.95265248411234e-16,-3.05352694088296e-16,4.30080602442723e-16
q43kinetin_17_c1.tif,HDTreated,-5.88900821447721,-1.94821157598267,1.80507654932793,1.86750220555093,0.100046052844491,-0.49268067735149,0.316308404869033,1.12733636774367,-1.00773487415679,-0.305330522463746,0.068809132870462,-0.199239110098418,-0.0403799745920183,0.133523204486132,0.041491641671877,0.231229672385912,-0.181615673889149,0.0466445747807849,-0.00404238334686861,-0.0175385647906509,-0.00303215506556268,0.0124994801310922,-0.015969163835222,0.0161362105959981,0.005707602280176,-0.00335511135697709,-0.00143502784565609,0.0214403956079794,0.0311024255119729,-0.00746393955059038,0.0131155766132999,0.011729741603152,0.00722159104430509,-0.00119717410759079,-0.000171920551927343,0.00457782243077924,0.00476891003361576,0.00171546723527818,-0.00475506858533519,0.00184217972191369,0.000875515061614027,0.0011046478567759,-0.000370161475278821,7.89022570674429e-05,0.000202417538325356,0.000124078751514041,0.000126116627044505,-0.000214764970169995,3.76670692796845e-16,-3.0710540264442e-16,6.52204160259122e-16
q43notreat_05_c1.tif,HD,0.502093028073227,-2.22296246102019,-1.47574198812783,-0.289564350490372,-0.615004365007442,-0.269609400483649,-0.0491728851196839,-0.061730499888554,0.0521151308299855,0.2267024761372,0.239871746393051,-0.0858100735196755,0.00345498854694325,-0.145533166491985,-0.0777392069061489,0.0690992820476209,0.00447164354327052,0.0608454666646651,-0.062803394672974,0.0664035306766922,0.0527455911040084,0.027016685319866,-0.00985107179767762,-0.00223497180634208,-0.0358104140770102,-0.00478039589062955,-0.0194338570867192,-0.0124274074222554,-0.0113134837767469,-0.00435502054936894,0.00516597405929788,-0.0313072162613149,-0.0134174302561634,-0.00687027421541044,0.007029430098676,-0.00134829256266747,0.00213287446124014,0.00197899004300389,0.003477549860094,-0.000320006724121039,-8.29570499090784e-06,-0.00171745112050479,0.00139972530723519,-0.000114628910328685,0.000126860610841491,2.66757470434738e-05,-0.000217361980621882,-1.40682825496073e-05,1.53283061002925e-16,-4.53431261795518e-17,5.12609525546085e-17
q43notreat_06_c1.tif,HD,0.277450981391175,-3.30443779529157,-2.09427468114372,0.147831758538345,-0.828250472806653,-0.327710561979154,-0.101713278547357,0.108587097564408,0.42934794162913,-0.0444893792595318,0.10002273858149,-0.115876881551077,-0.108311248889412,-0.103729641578619,0.179788343170566,0.232441712722546,-0.0673012809889347,-0.0496510685790015,0.0249911979676044,0.200467035912628,-0.0556446499492815,-0.0496206495433485,-0.00229652085667645,-0.0257956654902486,-0.00994620105547464,0.0117932987921088,0.00173034682425817,0.0264570141460774,0.00962377791989848,0.00966430366352586,-0.0136285320971773,0.0102240405039435,-0.00217000631455287,-0.00510643364036076,0.00502598759466247,-0.00954554850899609,-0.00534477801024801,-9.30592584382217e-05,0.00425631593417354,0.000334977351509457,0.00443745928850524,0.00206175931890469,0.00274659438949335,0.000287634602819564,0.000617082486952342,-7.97377545415838e-05,-0.00014364789073054,-0.000220770614044163,2.20302939565281e-16,-2.99023038227636e-16,2.1661503973488e-16
q43notreat_07_c1.tif,HD,-1.77199044749499,-1.37609520604503,-2.76106206059083,-0.208605923654648,1.9256710462007,0.12218734709484,-0.263876873212408,0.163865392480391,0.184377570272578,-0.00796260310762315,-0.0974170940527645,0.327039768123877,0.0536206266382251,-0.107209422236116,-0.169066309780955,-0.223960406630313,0.0997889199592062,0.107378667542712,0.0332631374548165,-0.035588932999781,0.00371531351382023,0.00569207657497375,-0.0598230151688338,0.0203515251778037,-0.0316754673419142,-0.0215111420465633,0.0233788400586263,-0.0181103768813085,-0.0146468350518266,0.00415951785805929,-0.00297355633796476,0.036773172770048,0.00944563202037921,-0.000639504008752504,-0.0053544131338866,-0.00121325305753296,0.0021832910080571,-0.00142352606715241,0.00280175762000644,0.00123567809324104,-0.00118707432810009,0.00182612873317357,0.000568876925511715,-0.000526873965285298,0.000607308315299072,0.000160869950463919,-4.03824459392268e-05,6.40063789612542e-05,1.28913128757727e-15,-4.05723955310323e-16,5.44760891155408e-16
q43notreat_08_c1.tif,HD,-3.61021014400149,-1.96873592977364,0.0171083919963448,0.462906463296804,-0.932327136965726,-0.0659200006317076,0.822281933511236,0.317782998311979,-0.0498690870071875,0.0210777496599192,-0.443160652845306,0.177774467383854,-0.0407789593071805,-0.169833477012914,-0.0660572663635161,-0.210277204830857,0.0158878057024983,0.0598422177402967,0.11160577860061,-0.0334784192208766,0.0112863588006405,0.0261903772265229,-0.00502172190929258,-0.0582582461036597,-0.00974284162077441,-0.0382004978571307,0.00795233795857393,-0.0253327503048376,-0.0163992482459072,-0.0287420699587059,0.0197550302376117,0.00397737586563024,0.0104328246993076,0.00716677608141094,0.0070959059024847,-0.00469196782661511,0.00246216400561088,0.00212887879155192,0.00147424194841087,-0.000722373400226052,0.00128041264269348,0.00095093494054857,0.001919579804687,0.00100767562741057,-6.49520111253984e-05,0.000385338097024871,-0.000141034706754173,0.000153113472607501,-5.75989580088929e-16,-2.22053858317397e-16,4.30976731209388e-16
q43notreat_09_c1.tif,HD,-1.64899018917747,-1.84223497513313,-2.64347153463688,-0.287919809083162,1.21090614397226,0.260351375133352,0.131572764456355,-0.405815749823424,0.150538117874978,0.00644368128261933,0.145516996773864,-0.153218912290649,-0.0212429406550224,0.184295362916444,-0.0879658101296811,-0.0506135450465949,0.0374666634306967,-0.0760530378668202,0.144699585560971,-0.210310366152637,0.0411317148680403,0.0105133070638814,0.0405877272697414,0.0151424462012955,0.00778307327637866,-0.0562578622152268,-0.0190348198017702,0.0180155158980464,-0.000131508184935061,0.0233305039081071,-0.00902336146535497,0.0145072959654936,0.0141686201048423,-0.0117717497366361,-0.00471381559789999,-0.00551616309947523,0.00616958130175593,0.00133219281468238,-0.000162115758439788,0.00225439536426834,-0.00358294012071636,0.000822875847651006,0.00104244938568179,-0.000672350403674652,-0.000839155926315257,0.000635906235104447,-8.21012290394107e-05,-0.000226485573671734,1.26248640873254e-15,-3.35498591640618e-16,6.55568956768871e-16
q43notreat_10_c1.tif,HD,-0.452862084074085,-5.59321767985548,-3.31716257216137,0.204562068764192,-0.131494586880057,-0.173768227665459,-0.389788883839655,0.412557820098224,0.397910768825233,-0.0011743566360802,0.0521971783988748,0.26198665727197,-0.181648168441233,-0.0950575890594936,0.0562787461773194,-0.092239360394328,-0.0663818572813244,-0.118813488139819,0.0593775391066698,-0.0646471445221079,0.12248010206723,-0.006284089004604,-0.0809693502008253,0.00712109718774417,0.0471029439253111,0.0648077401083439,0.0934815471387861,-0.0100964306016485,-0.00688480704931292,0.00914177493572942,-0.0213726109685193,0.00554788415240659,-0.0038082256628905,-0.00219552707935658,0.00699038813344252,0.000454610386033418,0.000116783138537462,0.000196548908715476,-0.000156028548190506,0.00220284262427871,-0.00144647374679128,-0.000491069206197922,-8.55674105707084e-05,0.000359169716172228,-0.000251838892983069,-0.000469311371399397,-5.6797118758948e-05,-0.000151782977347963,1.34239545180093e-15,-4.04692061525008e-16,5.45974072689523e-16
q43notreat_11_c1.tif,HD,-1.19593708273057,-1.62680878263973,-2.53599089689397,-0.2168905972761,0.823723299767975,0.239596306688578,-0.100325988979755,-0.0485457414211204,0.186425705335759,-0.00796534665139542,-0.0576899327251341,0.022785730414349,0.0635550678185137,-0.0630630253425227,-0.0397249865884978,-0.0377953012883658,0.0817391983999104,-0.00901088617941437,0.000116596325113114,-0.013383880978851,-0.00314008545496083,-0.016922579263024,0.00580630883033591,0.0118745232706223,0.00462793179814485,0.00805147376077262,0.00194510490833332,0.0133514782359693,-0.00389650603841623,0.0311809444937206,-0.00146106890257613,0.0102135653203306,0.00245428097294031,-0.000656502344089583,0.000476795971837252,0.00230531360389592,0.000741130493321869,-0.000903576346404651,0.00395234610261005,-6.84027225433259e-05,0.0018774229854129,-0.00195061175691291,-0.00131103290134188,-0.000519729511696502,-0.000626204218319163,7.3831929802988e-05,-0.000111976170431215,-3.34095975919614e-05,5.475470630207e-16,-3.45441245279236e-16,3.22810455096534e-16
q43notreat_12_c1.tif,HD,-1.25541227576588,-2.08353642531722,1.68497772657773,-1.26859502800824,-0.594986834058081,-0.0545816219916505,-0.497991645007352,-0.0129977118487411,-0.343164166552521,0.458211634108022,0.203170779427017,-0.21101333744196,-0.00618797865913568,-0.198904164971717,-0.182812288673176,-0.156243263111406,-0.0700616390510367,0.255681642521587,0.0416849203033266,-0.0452144435576057,-0.00355625782489328,-0.00426039869173012,0.00130449023980924,0.0503997659289135,0.00729179290101528,0.0207737619613755,0.0113587157280677,-0.0245086193846674,-0.00523558661747705,0.00833699246483361,-0.0108186453661419,-0.0156952822949188,0.00733451114326963,0.00322837781862946,0.00447381154836523,-0.000596807361066684,0.0067170844217288,0.00196022471393173,-0.000995815123145579,0.00318957157708946,-0.000948216791747728,0.00118929305800033,0.00216938017142438,0.000294985692639591,0.000501055317833467,0.000319348188010208,0.000216558500320926,-6.16575866194226e-06,1.56466740789012e-16,1.30135838695475e-16,-8.42340411945729e-17
q43notreat_13_c1.tif,HD,-4.94203032250947,0.989321617721667,1.26039407504651,0.338403874092188,-0.275863489507113,0.226355971284371,1.01490534592452,0.801765221683902,-0.650512855762853,-0.081187186066389,-0.0278704499253554,0.0855339914112464,0.240114595652345,0.0961430720419582,0.124157766496895,0.0399079901640411,-0.0255790658300787,-0.0528705313704027,0.0191697813783163,0.024849218338027,0.00589382471765817,0.0567269058842389,-0.0331808872395491,0.0115996401907618,-0.0271866945540588,-0.00229671530433467,-0.000337202400688137,-0.000641819196165121,-0.0263629032067779,-0.0225337066875358,-0.00157784473541328,-0.018437547239877,0.000360014251841817,0.014127818861045,-0.00485963601819121,-0.00367536733292412,0.00279052275205573,-0.00700769911720167,-0.000427797949603542,0.000254408073526211,-0.00343280798311603,-0.000906391171172994,-0.0020810656209293,-0.000894283996962706,0.000822632884894676,7.67752783349413e-06,-0.000124818662956816,-6.10789361985323e-05,-1.01971491258378e-15,-2.77676195865893e-16,5.41391421173185e-16
q43notreat_14_c1.tif,HD,6.60001244452753,-6.14027719277019,1.18701563255562,-0.697178601410185,-1.8439237852355,-1.20394515821831,-0.80251823689561,-0.189026622212595,0.233975128691979,-0.476237983284923,0.0509371730795047,0.0223271929477863,0.137412641188639,0.0987173749915541,-0.0760432508398085,0.222692660817392,-0.0341438461082605,0.0425518076526692,0.0684451279502557,-0.0830463874165979,-0.0610515899615337,0.0472483043243655,-0.0411361365691591,0.0109145233761133,-0.0104828198765592,0.0559050268160101,-0.00684749293506616,0.0231965593186209,-0.0281119196784601,0.001409963524453,0.0445436860170769,0.0102928196521204,0.0118726346403483,-0.0170788773934016,-0.00198514300088803,0.0141644451839339,-0.0127873575731396,-0.00614659743914217,0.00137370071840606,-0.000256454622280272,-0.000879787032344925,0.00247280365353095,-0.00330841524379637,0.000654096355866737,-0.000569933911286895,0.000201021613047605,-6.68652842284144e-05,9.140493464559e-05,2.17774908752072e-15,5.51512377161399e-16,-6.26064543851256e-16
q43notreat_15_c1.tif,HD,14.3829595155088,-3.91387163405969,4.58239078176915,0.660473298685013,-0.601077845729773,0.855735394572367,-1.26118153637461,0.678580571813581,0.128473932464109,-0.555268850990779,-0.0686483239860457,-0.0346451572460236,-0.307975485234906,0.210448441849947,-0.0747234483314538,0.228688269236117,0.577695829337505,-0.066041685474935,-0.0309460489890712,-0.0210236553634265,-0.0494042580012437,-0.0367208903955624,-0.00804537618263594,0.0157841553424569,0.0298475135092707,-0.00113714555635119,-0.00109033774464193,-0.0448783478896438,0.00247668012547401,0.00447798616868844,-0.012051205756022,0.00446634436597504,0.0104772427732214,0.0121227947468996,0.000389896905872766,-0.0116393447190035,-0.00179894773020806,0.0044017629046853,-0.00162940890027133,0.00477456949926594,7.06571138310852e-05,0.00240141184890114,0.000358945343405588,-0.000220123890221337,4.59085833923734e-05,0.000228483922630522,7.22207612499116e-07,9.1534973618975e-05,2.94850437359893e-15,1.21475747031308e-15,-1.26282910813685e-15
q43notreat_16_c1.tif,HD,1.26105067064877,-3.53860626606056,-4.2128824178468,0.76189687138047,-0.344306138878165,-0.488755282944723,0.239850466339907,-0.0632193155309594,0.36172646323456,0.18917275341002,0.205192152489366,0.218506496356478,-0.0966125287503978,0.206261715921304,0.0282897300833059,-0.00654492389413005,-0.0763409516944875,-0.190592677845904,0.0472772636731585,0.0511965871973512,0.0748208952533109,0.0866586954670919,-0.0197722552943943,-0.0143976851236147,0.00816496495233354,0.00853456248121926,-0.0210704278773451,-0.000358279507344241,0.0106173659265898,-0.038778771923913,-0.0183450646854485,-0.000797717877828653,-0.00380244062337681,-0.00242748863335786,0.00541963583426276,0.000865889771828082,0.00570058722370442,-0.00159016349082048,-0.00193655933176233,0.00348385999528681,0.00228869098759451,0.00138278165318634,-0.00133331331830405,0.000451351928664848,0.000238376555716317,-0.000162798355864354,-9.2371133058224e-05,6.21258851040087e-05,1.51073175783282e-15,-3.25146193736389e-16,4.37971621459973e-16
q43notreat_17_c1.tif,HD,-1.72552886353997,-3.30699016394227,-1.36928744476719,-0.287746706136217,0.580073420761679,-0.021549979140248,-0.658148288802522,0.716524672689034,-0.062266458548963,0.154991737318193,0.10220596431864,-0.1600962871594,-0.121723360662396,0.124387575903731,-0.031885459087922,-0.0126016557398802,-0.0683265337679438,0.00995317563185392,0.0516063915360347,0.0104307676404751,-0.0691029011768257,-0.106196609599218,0.0288399869441891,0.0273044012807475,0.0151392126021584,-0.0731114354130978,-0.00957168907633595,0.00947669384280989,-0.00525972701026421,-0.0132932032261598,0.00932739180985589,-0.0162375429053115,0.00142030506670135,-0.0177737159030694,-0.00273021130899676,-0.00777738535264143,0.000700134570657485,-0.00388724770587852,0.00242785496542682,0.00250128516352689,-0.00147040350172569,0.000221727701992244,0.000797826859953985,0.000510821451630182,-0.000383476294519693,-0.000909939787758464,5.59678554080457e-07,0.000125302307245366,5.69417690566108e-16,-4.51680617650311e-16,2.68462783813532e-16
q43notreat_18_c1.tif,HD,5.27769276102339,-0.977069164380254,-0.158678149758882,-0.301227182096372,-0.727198404206924,-0.761368385106899,-0.70381174503467,-0.44784649824493,-0.103089101607383,-0.0606762400768624,0.0799875617152001,0.133818188914376,0.0237497331286894,0.307032832500499,0.00240569531963883,0.0581738616122699,0.0631051204446907,0.21782886795486,0.175254125407213,-0.00648210042216463,-0.00636655451134782,-0.0139240477344729,0.0220897973433215,0.0361163553948177,-0.0524041568028076,0.00909555290253981,0.00238873967640098,0.0766500497680714,-0.0153607562282002,-0.03371094834839,-0.0239498012366033,-0.0141256625878664,-0.0174036602186916,0.0185360323619166,-0.0216645605675733,-0.0047801385369782,-0.00317819166976109,-0.00119598132306255,0.00320469996640828,-0.0032777501309635,-0.0024635970092535,-0.00107544650589374,0.000134927528408912,0.000953177104182423,0.000138979571941714,-0.0002035336791809,7.83741439565611e-05,-7.73461827895113e-05,1.22940349137129e-15,3.16235818680843e-16,-6.45466786967441e-16
q43notreat_19_c1.tif,HD,8.89795855599555,-2.63752747116792,-1.05492363984603,0.966733799446564,-2.23884544814549,-0.414408097705126,-2.29466902272311,-0.0605931293248988,-0.884569050512453,-0.472980136745939,-0.511050676390162,-0.127745878823898,0.50784612540605,-0.0110109666177864,0.150559571151125,-0.309096052559834,-0.00913370648878167,-0.0856821450655618,-0.0710650718390154,0.119500633580377,-0.175105079338986,0.122251712548968,0.00298241648130285,-0.0404391556772762,0.0215718773934515,-0.0408271803525297,0.00986502754708474,-0.0240074796082303,0.0155866864008282,-0.000870359765658163,-0.0174401409531546,-0.000211555799525753,-0.00625486210726162,-0.00741150231505015,-0.0100136164783012,0.0106478123830603,0.000699976200356778,0.00215182151990012,0.00310886660380304,6.12573696881641e-05,-0.000124303883191207,-0.000265319263600333,0.00168777218726301,7.01030459014495e-05,-5.33260874917302e-05,0.000255058975805232,-4.64626885894699e-05,-0.000148203509016552,2.07614739926436e-15,4.57604395985409e-16,-1.30347494855875e-15
q43notreat_20_c1.tif,HD,-3.02167132017072,-4.14083850270587,2.29586079361684,-1.89508360205741,-1.92341414875022,0.933576571259376,-0.811745785948761,0.0137997625900246,0.246273379637786,0.0960911742749292,-0.0439930222779035,0.239975339820536,-0.298433941098389,-0.0629168711008679,0.107530843799415,0.0573862756600944,-0.140614759189647,-0.144020769426265,-0.136989063250343,-0.0900547122745164,0.0399506295594006,0.0590270673612571,0.042366463347522,0.00302769744225417,-0.0328854185156134,-0.0287011124604462,0.0131654190153794,0.0172398418144608,-0.0405769634469653,0.0189245646441575,0.0124978665612603,0.00725560728072395,-0.00248615676528738,0.00773627600653391,-0.00694140624929535,-0.000145263504580467,0.0047601144054543,0.00591694345735577,0.000540133000822528,0.00193309614713821,0.000196423381627724,-0.000552970487788108,0.00269068796163996,0.000664951936146465,0.000495422862144959,-0.000192488124241379,-0.000118796381856352,6.29333047879063e-05,-5.69049586459651e-16,2.04693891676537e-16,-8.18210924633123e-18
q43notreat_21_c1.tif,HD,0.735532562453467,-3.23650938987982,-2.25952249225673,-0.171876147296766,-1.05850853412836,-0.305361710253582,0.343444439933346,0.0424764816320808,-0.199170570868327,0.363117889540967,0.0436995688243345,-0.070456939608214,-0.0904509536698211,0.0411992914922122,0.322950023573903,-0.202374508057115,0.159041906286194,-0.0389548380927839,-0.0213426078524678,-0.0372835189872308,0.0500302296613488,-0.0913566431665465,0.0358949553991947,-0.00236147725432029,-0.0173344832629838,0.00331083049876322,0.0212083565876405,0.0363267045069955,0.00446539363234117,-0.0230232564206841,0.0161287711316282,-0.00876393941137258,-0.0096375183642499,-0.0118133590000145,0.00270388347736134,0.00223532732622737,0.00020063586744546,0.000224165786785035,0.00118366878077182,0.000739742747901607,-0.0023504421963328,0.00443152667600311,0.000511214641707065,0.000245280147190988,0.000457445262523037,0.000472070869518857,4.31722906852672e-05,4.19285115093863e-06,1.167457815116e-15,3.22600978844015e-18,5.15435347995644e-17
q43notreat_22_c1.tif,HD,-0.550559780920886,-2.50145141487056,-3.86149693650796,0.194777674531722,1.35566160514275,-0.164689628631228,-0.0487462664417768,0.23392408429746,0.163802544552092,0.156300844502818,-0.0923759958682261,0.402662220086346,0.0884136673012499,-0.0681216668919643,-0.0690021157459551,-0.170027546603421,0.0866147405489236,0.0302876968109408,-0.0103182797449679,0.0458282018094688,0.00656422863414249,0.0432452116349025,-0.0102060008300999,0.00220160634174491,-0.00533012642680535,-0.00172623928529654,-0.00606772220529471,0.0272957509765256,0.045957372995383,0.0307414507682455,0.0247928948939434,0.0258239349345582,-0.00913903666258795,0.00283548303738702,0.000226322997585224,0.000349545783435195,-0.00219885366230805,-0.00491628907358677,-0.0022366036142283,-0.000606563989745807,0.00040625944944387,0.000918447373367455,0.00131348768144606,0.000194219568280561,0.000122356221183699,3.03890865348592e-05,-0.000116187876756498,9.90938182049447e-05,8.14869129984564e-16,-2.20215391975705e-16,4.35467503566795e-16
q43notreat_23_c1.tif,HD,2.32594353442594,-3.32126843338904,-0.0633665611469079,-0.667659755087752,-0.707521437801271,-0.647003463606321,-0.455968403357501,-0.381342169401984,0.010273820769776,0.0279619418570711,-0.14424390993414,-0.13334615398706,-0.220864444351996,0.359001988042834,-0.111339302787781,0.0524378068075836,-0.147333820364118,0.0374432081486519,0.155997601988387,-0.0560068924734136,-0.0598897904045706,0.0125284041209371,0.0438573178889764,0.0439361439606077,-0.0404961174191424,-0.0132583517785643,0.0291414332890236,-0.0458288991846093,0.00879808221570784,-0.00387392104036623,-0.0289173587269698,0.00133837386395602,-0.0178120143290819,-0.0119242057840124,0.0136051583913464,0.00937873356619236,-0.00507707267934862,-0.00410088102223637,-0.00554655793390965,-0.00419896694286604,0.00252068916796624,-0.00160608694423319,0.00250684454094528,-0.000888199220530956,0.000621126108810541,0.000192023858134975,-7.7284032662494e-05,0.000169337095921313,1.38625522111267e-15,1.09243752181966e-16,-1.54683810986611e-16
q43notreat_24_c1.tif,HD,3.25580705702358,-2.05029469474085,-1.90062328450609,-0.37931125008567,-0.039980747037457,-0.858648650821503,-0.168877109002642,0.30502897593436,-0.421330575248391,0.311730377747251,-0.148075996613688,0.331881488556654,0.121563267310924,0.133437949120492,0.0655901647178571,-0.0273129966493821,0.120748301976264,0.0400480072820661,-0.139884142052565,-0.210411528568197,0.0452376897426778,-0.0175119396230227,0.0381558640636961,0.000168174018857506,-0.0426775196152559,0.0183567467576468,-0.000584561267067893,0.0108879470509059,0.00301735667877748,-0.00698312160668586,-0.0262859181841927,0.0293131353077548,-0.0245862951838227,0.0047522887058446,-0.00388966456932591,-0.000850538945689469,0.00262054717048001,0.00364482029737844,-0.00211948973232527,-0.00259888204182958,0.00472081728110062,-0.00328121117996231,-4.98308779358116e-05,0.000480630243053204,-0.000560910451051186,-0.000506606292229189,1.52992251347996e-05,-6.19965201207636e-05,1.48898925816566e-15,3.89628982058354e-17,-5.79834926849285e-17
q43notreat_25_c1.tif,HD,-3.00410823716203,-3.72459229198703,2.59861529730238,-1.20384545303038,-1.69958538223824,0.176498948436125,-0.928017902815612,1.37489556529881,0.194297448746613,0.30156429976602,0.138411250251683,-0.0735109944517792,0.246444550884994,-0.0548975304163447,0.241860394518123,0.0200422591132153,0.0208173466864896,-0.0626764840475633,0.196727104910925,0.0469130426028786,0.0987088068210161,0.00306487596441009,-0.0239955424675757,0.000647366941531861,-0.00146251973367165,0.0418801964122432,-0.0543575379395679,-0.00708677115692014,-0.0033503408825059,-0.000849443908167252,0.0123068776960992,0.00572703467205294,-0.00217227617574473,0.001204794316158,0.00365702661639419,-0.000248959231528328,0.0093185674837919,0.00608440730177719,-0.0007381455888631,-0.00306734145906092,-0.0022529074120947,-0.00301633388706337,-0.00207117277046552,-7.09324278122267e-05,-0.000207720203914403,0.00035979371227087,8.79631618079329e-06,2.26051226131133e-06,-7.9693192208292e-16,-4.59587178837764e-17,1.05625051292862e-16
q43notreat_26_c1.tif,HD,-6.76842670159251,-0.359769549401996,3.01912344224221,1.20439738037675,0.685220380048671,0.00480249540752592,-0.247426854574678,0.522700962929852,-0.582569325760817,0.100371443853268,-0.206567105524805,0.207036020492852,-0.0896088184909737,0.151080707164995,-0.0637764335456645,0.0559889719104179,-0.173981050420863,0.0402466268818332,-0.11283530444754,-0.0390783931754545,-0.0665635648504776,-0.0311975422708903,-0.0124202374902908,0.0105977182774962,0.000650729039509815,-0.00672366109010657,0.0328073664421649,-0.0144212738851675,0.00481379901626009,-0.000612202087557537,0.0205348130820624,-0.00523842314993221,0.000658790201987669,-0.011288763747652,-0.00420048881465115,-0.00153768295797721,0.0018192844653112,0.00803212180639123,-0.00085200983876791,-0.00197694213239919,0.000607123346376928,-0.00104937525959422,-0.00127580473057162,0.00011568540744281,-0.000238201501301223,0.000357151685492802,-0.000153361896386325,0.000154048985018523,-7.27187447156159e-16,-2.03709867561052e-16,4.30096515919361e-16
q43notreat_27_c1.tif,HD,-1.46169805024518,-0.0249473954233219,-2.5656892202622,-0.0593810853104409,1.15168614962458,0.0818368406259445,0.482775129874018,0.0274783350506916,-0.0846972421530176,0.106673069462056,0.293762436254619,-0.23045820249871,0.213738618629034,0.00593011387272289,-0.0360384019393203,-0.0851256336239285,0.157843025995422,0.0344915797934352,-0.0550204555942676,0.0238682561134156,-0.0465753666598581,0.0508776640516951,0.0161659748357647,0.00206234801810438,0.0080551327889718,-0.0367192623874328,0.0130972741596862,-0.024088620178794,-0.0336270945938817,-0.0134634764411649,0.0220899013354197,-0.0166458572304226,-0.014548719858314,0.00463141206732161,0.00164607310400182,-0.00526363884466049,-0.00710041689015731,0.00148108944220248,0.000161237751094355,-0.00107853466007463,0.00048111246618588,0.000340806348700432,-0.000260947149947079,0.000349008128508326,-8.69606010763177e-05,-0.000584587599207756,2.20947813521215e-05,-3.14400812185095e-05,3.75071297516441e-16,-3.03923752688446e-16,4.3390499634291e-16
q43notreat_28_c1.tif,HD,-7.0990767591035,0.677937729438726,4.01919666981369,2.50091430118728,-0.766692047685965,-0.179633753205502,0.763994381858895,-0.495550137359658,-0.419746630067421,-0.532777965619861,-0.0262393740548279,0.516683161559675,0.160955781135928,-0.107561921521118,0.0901002331994668,0.068473379224999,0.106987174531082,0.0510059549797474,-0.0167444220317423,0.142349946747045,0.0868940532068055,0.0388403963623827,-0.0144708618300974,0.124359444671733,-0.0352430242794818,-0.0437501090648812,0.00186186140864198,0.0362595325629257,0.0292440563430625,0.0136710482713823,-0.019024562264507,-0.00160603708109643,0.00109548573798562,-0.0100554393305862,0.00972698280591205,-0.0103560037550414,-0.00401536434314855,0.00211017593683104,0.00104734191040762,-0.000163400261327828,-0.000235395406174344,-0.00165594647938945,-0.00121031223306408,-0.000198052869248162,-0.000200316825779309,3.65598586974146e-05,-4.07394188709971e-05,3.22184056399428e-05,-1.85719420589259e-15,-3.23604566491803e-16,4.29909375950587e-16
q43notreat_29_c1.tif,HD,3.90320849983995,0.8669379136955,5.80927951522584,-3.04465466447225,1.94594474155105,-1.97500784102497,0.777394036122427,0.352892353858262,-1.05319365886827,0.70141920548839,0.220791029936981,-0.0457804620719771,-0.137968000745467,-0.530876175044974,-0.12662028182297,0.018727646914793,0.0414972378079633,-0.322423593118245,0.069391722734216,-0.0194522256205215,0.0534709893321492,0.000442050584369004,-0.00457676534428034,0.00415400430086921,-0.0183863885619689,-0.0338441530673396,-0.00969516011573733,-0.0317335375281616,0.0174551717083861,0.0131347226377632,-0.0395530068862676,0.00115563774018573,-0.00384295101001975,0.00150693540584316,-0.00888432972962427,0.00866179833701,-0.0136764301387897,-0.00121795219995374,0.00222724775692079,-0.0015046443274585,-0.00128258653211666,0.00158524722521698,-0.00067665606597132,0.000663964551066584,-0.000110521344696189,0.000188025524233585,-2.95193043211963e-05,1.58281713491723e-05,7.0485246312886e-16,7.49834508376218e-16,-3.98736213746903e-16
q43notreat_30_c1.tif,HD,-1.12629626527401,0.343951888755669,-2.67210702625885,-0.131043590548337,1.76085591271329,0.148233390356379,0.0138670034048519,-0.288712160585579,0.0537137206535025,0.101990229475233,-0.0524964043002421,-0.100231296678966,-0.0925721662943735,0.222865414153456,-0.0133588057630604,0.0915501697693698,0.0189854061126336,-0.0209028172359569,-0.0836948861238765,0.0261852850912595,-0.0334411495045338,-0.0423645832912609,0.00135183921793825,0.0064965845930598,-0.0088716472326411,0.00807655494617974,0.0395721861179275,-0.0304251157729169,-0.00325120531424684,-0.00204621913885662,0.00502215969623168,-0.00307631715283796,-0.0158578224229463,-0.00224691212824752,-0.00779051742253539,-0.00207827713566604,-0.000789799853877442,-3.048155372401e-06,0.00551391406558323,-0.000190830782210008,0.00021289265211754,0.00021702900499458,-0.00211833603684526,6.43329627175646e-05,-0.000425550605545261,5.91652693852271e-05,-9.49594886122521e-05,-4.99370977370132e-05,8.23933590982758e-16,-3.50810249207689e-16,3.23056012600752e-16
q43kinetin_01_c1.tif,HDTreated,-0.518901932415132,-2.83492702471704,1.6734977845102,-1.14933752286273,-2.42757658734108,-0.030303429161054,0.119485973217562,-0.354388044246814,0.214908163257704,0.173576903847831,-0.391218193532702,-0.123661004314416,-0.0537207216361838,-0.188321221437031,-0.129589192367192,0.154028216920391,-0.0651419885352568,0.0276710216857395,-0.0793257086850244,0.0552321046404583,0.0208812115222975,0.0881941395464566,-0.00877814737637052,-0.024699024522743,-0.0635843288330895,0.0164307018828772,-0.0159195757820709,-0.0411895167240466,0.0149326618105021,0.019508629828591,-0.0060983579885502,-0.0106386378917142,-0.00645497313465487,0.000767224151958957,0.00131900124218397,-0.00437162775601078,0.0104164005777181,-0.00343961627555807,-0.00567092347619577,-0.00349437031481072,-0.00171060495657029,0.00598139854824516,-0.00141879764929412,0.000120194174996917,-0.000519484040165462,-0.000748489986560603,0.000194176381368201,-3.08695290964316e-06,1.83143396840606e-17,3.64141631984137e-16,-6.94584337834119e-17
q43kinetin_18_c1.tif,HDTreated,-5.784940951974,2.43135883484114,1.95168923595382,0.909127070337237,0.567194286331326,0.126445433826796,0.911186669653893,0.207529170665271,-0.55307507883052,-0.24964257436228,0.156912417029968,0.114723429069441,-0.120416853537852,0.31965701446416,0.187191405369607,0.0769548834014222,-0.101587501080855,-0.121107099889568,-0.0650552208490498,-0.000402331483671442,-0.00853802662169098,0.0982787946343629,0.00848415770794152,0.0810154545109643,-0.0216553296774239,-0.0220988843064533,0.049357315017229,-0.00659640817258807,-0.0133722276466375,0.0105680561435324,0.0163406167565998,0.0110771198356496,0.00970147121238249,-0.00233532398118541,-0.00306640286767865,0.00569965445001901,-0.000343478586865099,0.00144516437590266,0.00310555140464878,0.00420702635965321,-0.000533724655199116,0.00250186071969613,0.0015405922288771,0.00035940070422709,7.22369172832726e-05,-0.000376300165895349,0.000145937457122099,2.90846304337047e-06,-8.23384579448236e-16,-3.40685896935053e-16,3.18851710976827e-16
q43notreat_04_c1.tif,HD,1.72314202141828,-0.885211932361944,5.78824267711109,-3.43574609902419,1.44368583473928,-1.31872255421561,-0.0241465268340554,-0.221969559958074,0.277575205370227,-0.0031783722230824,-0.031111103206234,0.278631780987346,-0.0895480029497381,0.179256907620322,0.0203424075851663,-0.0633304559221073,0.0141693626507466,-0.0429205686264651,-0.00182047195646862,0.0246735156119857,-0.132808331747161,-0.00433456874124395,-0.0576529069690846,-0.0265586803781945,0.0186680768633445,-0.0366780943503196,-0.00539395855364325,0.0114841769912297,-0.00477420577146613,-0.00273304433730814,0.0147658660044142,-0.00798023393449571,0.0159907522152684,0.00604171879783957,0.0205302424123385,-0.0128692399448071,0.0067958673608973,-0.00204390697085316,-0.000314508671490743,-0.00115977221887564,0.0026261484767886,-0.000778294228074398,-0.00158397960188129,-0.00052306993710307,0.000254823528691651,-0.000180131807043057,-6.73327985004366e-05,-0.000281561729388034,1.15645312600752e-15,7.0275120428244e-16,-2.87620409237734e-16
