q21notreat_01_c1.tif_nhood_5,0.00107521655798,472.942830524,0.125678786272,-0.00107302078074,220.504583859,220.549225265,728.951452926,732.541970503,0.101157292482,1.47430066635e-05,51361.0662654,446.693983642,-0.0106525794651,-3.16376555437e-07,472.942830524,-136976.293593,54352645.6604
q21notreat_01_c1.tif_nhood_10,0.000893538512188,568.805747839,0.109838191932,-0.000892241263463,219.497049903,219.575157678,716.80512366,725.549250186,0.107622178487,1.46448706991e-05,51194.7224271,447.074869055,-0.0104948677315,-2.21504092698e-07,568.805747839,-74580.1823479,37442068.7608
q21notreat_01_c1.tif_nhood_20,0.000826637535415,685.170464051,0.0992818826124,-0.000825615256878,218.927120313,219.027609459,705.82540761,726.986790089,0.111845044767,1.45504488851e-05,51216.222658,450.483675582,-0.0108963564541,-1.3049912662e-07,685.170464051,-23382.7591594,25120996.8709
q21notreat_02_c1.tif_nhood_5,0.00401431360164,212.782887667,0.227051544974,-0.00397096553663,223.618963044,223.50408946,534.162350482,540.518167542,0.157236584818,1.46406783217e-05,52939.3521376,442.342550168,-0.0144020381237,-2.75003960648e-08,212.782887667,-4519.27314949,13618949.6577
q21notreat_02_c1.tif_nhood_10,0.00333327022534,295.840032038,0.193246087904,-0.00330072410846,223.029559452,222.758168897,534.724905811,548.468533518,0.120114088455,1.45550959924e-05,52940.8396723,442.797707093,-0.0141638638582,-1.18989267057e-08,295.840032038,21129.3374033,10308064.8199
q21notreat_02_c1.tif_nhood_20,0.00276150260075,411.810847611,0.164504237859,-0.0027382436654,221.477762,220.875211339,572.427208527,597.414827071,0.0396530130899,1.43927068718e-05,52769.7769671,442.59442358,-0.0139447728767,-2.49378968294e-09,411.810847611,57231.910644,7904891.58351
q21notreat_03_c1.tif_nhood_5,0.00513887680114,112.458979209,0.240496505959,-0.00509870735575,232.141409885,232.017473395,246.641420477,252.915751326,0.777912722504,1.46742288687e-05,56604.8595859,457.171903157,-0.0219560898737,-1.09010210466e-09,112.458979209,13154.25697,2593672.19278
q21notreat_03_c1.tif_nhood_10,0.00433461055939,142.074195931,0.207823213811,-0.00430782376072,230.816181208,230.579484008,275.034047181,285.091679824,0.52256197152,1.45654992933e-05,56368.2927103,460.852089622,-0.023088965812,-1.89401609463e-10,142.074195931,24452.2734024,2163059.0706
q21notreat_03_c1.tif_nhood_20,0.00402198028416,169.280243973,0.188407955603,-0.00399945380161,230.075339195,229.692496419,297.86999885,311.567897702,0.338392569141,1.44946642841e-05,56275.4452098,464.021505887,-0.0241740867106,-1.7399033459e-10,169.280243973,31330.4698433,2097611.32386
q21notreat_04_c1.tif_nhood_5,0.00720379875881,121.595594347,0.268740226806,-0.0071279846963,231.085171808,231.070643758,302.221921931,303.230581585,0.604690257995,1.45970643152e-05,56416.6926122,453.602717993,-0.0240753557529,-2.19948506487e-09,121.595594347,12674.3791846,4452059.05678
q21notreat_04_c1.tif_nhood_10,0.00601615518317,150.683832698,0.232881096383,-0.00596415225176,230.010525702,229.945788903,326.615134854,329.508760088,0.482872341822,1.4505862602e-05,56234.1326457,456.713654745,-0.0248935970747,-1.2440226226e-09,150.683832698,24354.7152596,3782037.43379
q21notreat_04_c1.tif_nhood_20,0.00539580322615,188.889921721,0.208593378816,-0.00535546897575,229.596247938,229.402186992,339.82229524,347.043204215,0.369537983809,1.4449647208e-05,56238.8209737,462.443566409,-0.0265035816395,-7.24100404522e-10,188.889921721,32679.3687864,3084371.61
q21notreat_05_c1.tif_nhood_5,0.00392341172686,193.764808522,0.200909828816,-0.00389629272821,223.726405576,223.568006568,494.773369321,506.078301908,0.174368822966,1.43153197958e-05,54009.2876734,450.550175271,-0.0195613691987,-1.04088234024e-09,193.764808522,58756.5705518,6235984.2694
q21notreat_05_c1.tif_nhood_10,0.00315883237827,251.85258099,0.171302429505,-0.00314253331911,221.103932881,220.754396437,575.073380655,596.604850941,0.0895967798027,1.41118004673e-05,53489.3316819,452.207581401,-0.0193025736358,-4.58402105815e-10,251.85258099,95022.2574588,6878650.32487
q21notreat_05_c1.tif_nhood_20,0.00290860571084,310.212187723,0.156090325553,-0.00289536748617,219.31128548,218.706657469,648.731666369,679.099062489,0.03157751008,1.39532354084e-05,53204.358921,456.039886286,-0.0198574250186,-7.51009232354e-11,310.212187723,124528.119169,8022726.37486
q21notreat_06_c1.tif_nhood_5,0.00322434294257,296.620626785,0.198542830549,-0.00320416106098,222.334222438,222.142513398,695.948966347,703.00629542,0.082975274603,1.4437286578e-05,53154.4816606,443.689175653,-0.0158012069192,-2.56616915565e-07,296.620626785,-65895.7059121,38039982.9128
q21notreat_06_c1.tif_nhood_10,0.00265213753878,382.557290861,0.166876056854,-0.00263844903831,220.685764017,220.333453977,733.384260665,742.192597011,0.0548514898948,1.42986383735e-05,52855.9909864,444.625283651,-0.0159152115351,-2.00741281757e-07,382.557290861,-11192.8863685,28923093.3571
q21notreat_06_c1.tif_nhood_20,0.00239472482983,471.813718685,0.150934087881,-0.00238313974015,218.682514958,218.238313533,803.637439199,804.05164519,0.0362790945507,1.415179536e-05,52440.8925466,446.370996901,-0.0162456607761,-1.56288336615e-07,471.813718685,38290.2390781,24072130.8655
q21notreat_07_c1.tif_nhood_5,0.00249372593578,226.195732706,0.170712170592,-0.00246559224068,225.930777126,225.862125218,459.176601948,466.485256681,0.225784726177,1.49528355481e-05,52917.409462,440.511631174,-0.0102076002639,-4.34805505763e-08,226.195732706,-45361.5424919,14357348.6894
q21notreat_07_c1.tif_nhood_10,0.0019541695159,311.212482084,0.142755182155,-0.00193585160496,226.245231197,226.128464075,438.895948662,452.159080315,0.228727776833,1.49355779778e-05,53100.6954496,441.841556895,-0.0102785083159,-2.63487008433e-08,311.212482084,-30516.8644636,10957672.4886
q21notreat_07_c1.tif_nhood_20,0.00165839916565,451.24064916,0.123503001629,-0.00164480207212,226.698909974,226.482394735,417.755051626,440.635708288,0.212788604257,1.4902020723e-05,53403.1080451,444.826060955,-0.0107804914498,-5.26462918721e-09,451.24064916,-10438.8956395,6867740.24882
q21notreat_08_c1.tif_nhood_5,0.00137631350126,258.492926688,0.155264129987,-0.00137408713772,227.66439658,227.573875199,530.53659472,541.272494027,0.164644232545,1.51106709229e-05,53264.9515059,457.90525187,-0.01197606325,-6.61164239648e-08,258.492926688,-100851.6299,20020351.2304
q21notreat_08_c1.tif_nhood_10,0.00119365414041,353.496462737,0.131843804851,-0.00119205585228,228.12391565,227.919531087,503.485546351,524.06081478,0.15211498824,1.50853635615e-05,53536.6326497,461.857235374,-0.0126598536031,-3.40526538019e-08,353.496462737,-79318.4275106,15707105.1635
q21notreat_08_c1.tif_nhood_20,0.00112035715689,468.998398013,0.116851659085,-0.00111900509438,228.861778102,228.417454915,471.006932855,504.942767121,0.10499521471,1.50528851348e-05,53958.3953045,465.157046538,-0.0134616018508,-1.23100762257e-08,468.998398013,-55887.1249389,11302812.7453
q21notreat_09_c1.tif_nhood_5,0.00377907195389,137.054125355,0.218463054173,-0.00375886490496,227.654468423,227.533372849,398.782095861,407.46026692,0.288940032951,1.45983917996e-05,54854.989826,456.611611794,-0.0189885290457,-8.52423555154e-09,137.054125355,6408.09555557,8045254.63131
q21notreat_09_c1.tif_nhood_10,0.00318491354813,186.153122862,0.182117872908,-0.00317163111278,226.765616675,226.501090403,412.541179872,429.66672955,0.211892855467,1.45000497475e-05,54773.1745396,463.287451962,-0.0205665829167,-2.04646947608e-09,186.153122862,27289.9670894,5746204.70357
q21notreat_09_c1.tif_nhood_20,0.00288442411854,261.408645828,0.158463799097,-0.00287419902577,226.01941122,225.456788094,435.692495707,463.864849198,0.0901408312336,1.4401183187e-05,54767.5649717,468.251208396,-0.0219935604023,-5.62410194289e-10,261.408645828,44767.5685145,4585699.38457
q21notreat_10_c1.tif_nhood_5,0.00415975031948,170.944450166,0.22134666463,-0.0041365946685,235.824918727,235.625867581,281.962956084,291.012480325,0.535474138271,1.50984266753e-05,56908.8913819,464.014116388,-0.0199371391282,-4.53150325472e-09,170.944450166,-45550.143198,8212733.05977
q21notreat_10_c1.tif_nhood_10,0.00347559758421,228.059959113,0.18657041772,-0.00346090331156,236.08735676,235.728954791,262.315132969,276.720674905,0.465532667069,1.50729159013e-05,57107.8074489,470.048841023,-0.0211887238505,-2.58456142029e-09,228.059959113,-30584.0156365,5622059.50588
q21notreat_10_c1.tif_nhood_20,0.00320318010958,279.26006528,0.167492491888,-0.00319158636926,236.357370395,235.844774738,247.425753462,267.01735485,0.362933679187,1.50511800393e-05,57301.978966,473.846315195,-0.0222659907218,-1.14230723379e-09,279.26006528,-19438.9167472,3788688.73997
q21notreat_11_c1.tif_nhood_5,0.00458239326714,336.39189096,0.209160759727,-0.00452352302858,215.560065503,215.333551676,1003.90658091,1024.97429202,0.0353391107446,1.41484120339e-05,51187.3107833,426.272048068,-0.015601584314,-1.06522874502e-06,336.39189096,-35792.2700462,56290614.0342
q21notreat_11_c1.tif_nhood_10,0.00355693537966,448.418286958,0.175290146954,-0.00352158155723,213.187471732,212.748691033,1067.93891656,1105.40487634,0.018728812636,1.39546324956e-05,50725.4000331,427.085861619,-0.0148547288255,-7.11627034004e-07,448.418286958,48097.1666661,49046669.2802
q21notreat_11_c1.tif_nhood_20,0.00316760269212,675.392846331,0.153345512272,-0.00314074362246,211.199986668,210.375534317,1142.95890531,1205.27338712,-0.00232836201466,1.37468126971e-05,50481.6264221,431.73260119,-0.015492447766,-2.84827719867e-07,675.392846331,145754.009666,40395003.3581
q21notreat_12_c1.tif_nhood_5,0.00421235986739,268.02283779,0.198620537544,-0.00416107717801,224.20937948,224.010202648,555.071974198,571.076855899,0.127216625143,1.46064583638e-05,53349.2138372,445.009625182,-0.0165066190091,-3.63779603178e-08,268.02283779,-11511.2401541,14375117.9036
q21notreat_12_c1.tif_nhood_10,0.00310377877722,397.153903061,0.165104129252,-0.00307665776081,223.987960242,223.550710973,538.021626625,571.343251631,0.0812343580287,1.45335659029e-05,53465.7409578,449.416647024,-0.0164084809368,-1.4792059431e-08,397.153903061,15369.6315254,10180718.3242
q21notreat_12_c1.tif_nhood_20,0.00248118829039,555.495369608,0.144051894581,-0.00246509936823,223.238417585,222.441431587,550.063551848,600.799124602,0.00488333443156,1.44258638931e-05,53473.1593422,450.080407701,-0.015736243706,-4.07422385053e-09,555.495369608,42634.3209782,7262117.66716
q21notreat_13_c1.tif_nhood_5,0.00360790614848,254.336954439,0.201020647573,-0.00356659716017,220.089513725,220.019772349,613.797523127,623.726731101,0.123373286572,1.44843015045e-05,51870.3377519,431.839193953,-0.0118591208408,-3.72962625675e-08,254.336954439,26296.3966722,14243886.4988
q21notreat_13_c1.tif_nhood_10,0.0030514737207,322.678115537,0.174050819584,-0.0030196990802,218.573973911,218.370058234,633.430855281,656.365070251,0.0920085948488,1.43489759578e-05,51606.8893971,429.41527836,-0.0113381487738,-1.9994445617e-08,322.678115537,60310.5405606,12023626.0113
q21notreat_13_c1.tif_nhood_20,0.00293108076957,409.500396653,0.157645187535,-0.00290030836445,217.290797656,216.784469125,661.108814814,703.442230651,0.0397767842022,1.42093887582e-05,51466.3842207,430.929981831,-0.01182760621,-6.56178278857e-09,409.500396653,91662.4825241,10993692.1601
q21notreat_14_c1.tif_nhood_5,0.00578958665603,185.773832505,0.261818813381,-0.00574061886459,223.850210651,224.010329685,591.472622646,570.596100125,0.19141154507,1.42633753382e-05,54334.4830617,445.440933104,-0.0220574554321,-9.46059423565e-08,185.773832505,12543.9885119,18592233.7912
q21notreat_14_c1.tif_nhood_10,0.00468850109516,237.061707425,0.22238791408,-0.00465774846277,221.607604067,221.850710845,662.324001326,632.850483468,0.165730404347,1.40996171544e-05,53856.8384212,446.482990902,-0.0225098012851,-5.30356771838e-08,237.061707425,57199.5568645,15648832.7978
q21notreat_14_c1.tif_nhood_20,0.00427968539545,292.667127809,0.196231625473,-0.00425442322046,219.902534835,220.07917944,732.887321148,703.963215347,0.125667725494,1.39580447547e-05,53557.1472479,449.263057678,-0.0239270994616,-3.09653036829e-08,292.667127809,94153.8468406,14670024.646
q21notreat_15_c1.tif_nhood_5,0.0065188886219,112.356025831,0.254679854919,-0.00644157495665,226.480471176,226.402119617,399.7793215,402.807905678,0.310797614113,1.43340063634e-05,55177.6009844,446.197486612,-0.0230442383317,-4.6073679562e-10,112.356025831,53484.7722063,3968931.81809
q21notreat_15_c1.tif_nhood_10,0.00526115229773,138.749460716,0.221223914512,-0.0052113864935,224.048011131,223.872186746,478.025131861,483.151770211,0.187072076401,1.41583968753e-05,54658.7148073,444.647915998,-0.0224755034658,-4.07259628673e-10,138.749460716,78876.4643596,4881979.67911
q21notreat_15_c1.tif_nhood_20,0.00446964568293,171.966009242,0.194844349232,-0.00443271795437,220.842092143,220.512389029,599.768600217,607.304911195,0.0892574796728,1.39366381644e-05,53944.2753531,444.149057018,-0.0221762948903,-4.16716614631e-10,171.966009242,117644.419951,7114832.49711
q21notreat_16_c1.tif_nhood_5,0.00432328805252,123.577413265,0.227831145566,-0.00429659008969,231.044973646,230.819516772,274.648674371,285.181611067,0.528671117725,1.46849485294e-05,56064.5390505,459.893263989,-0.0206484931353,-6.81593943419e-10,123.577413265,14507.6117504,2868262.79733
q21notreat_16_c1.tif_nhood_10,0.00361985174598,158.889403191,0.194221928683,-0.00360222505341,230.12408609,229.716505124,292.975746391,309.206687023,0.325127503594,1.46037685398e-05,55918.5694302,464.13057969,-0.0216025620893,-3.3154171053e-10,158.889403191,24313.9569837,2469700.08165
q21notreat_16_c1.tif_nhood_20,0.00320214918318,186.341963091,0.17227827866,-0.00318962982592,230.04262328,229.452550803,296.298751513,316.141484057,0.188504098,1.45834152345e-05,55952.5547411,468.502630715,-0.0224148774316,-6.62663950513e-11,186.341963091,27057.8420495,2171933.93871
q21notreat_17_c1.tif_nhood_5,0.00151168404804,292.225921133,0.149677073721,-0.00150790135712,220.607823919,220.446759079,664.590838341,690.178780589,0.0901940564629,1.45569954073e-05,51932.784436,449.40700464,-0.0122975878968,-3.45193540121e-07,292.225921133,-52089.4467009,29434563.2301
q21notreat_17_c1.tif_nhood_10,0.00129503476692,391.390556871,0.127613615067,-0.00129244851357,219.770262033,219.434657068,651.314457572,700.706859981,0.0656959931123,1.44447659597e-05,51883.4287291,453.800937193,-0.0127989467722,-1.70076055278e-07,391.390556871,-2733.36181882,20933469.0538
q21notreat_17_c1.tif_nhood_20,0.00121151020068,540.864246904,0.1139338601,-0.00120935902503,219.305110137,218.652894502,644.737366872,728.687891483,0.020280466553,1.43401851903e-05,51987.2735492,458.920449992,-0.0135666733147,-4.0929362342e-08,540.864246904,41336.7434043,13931497.9571
q21notreat_18_c1.tif_nhood_5,0.00447730923222,127.306029746,0.229303308278,-0.00445006993912,226.134151062,226.104307089,441.314112653,441.173577443,0.270962736992,1.44242411572e-05,54751.6927943,453.574053806,-0.0211192618936,-1.41029520738e-09,127.306029746,34825.9063835,5965540.00271
q21notreat_18_c1.tif_nhood_10,0.00367979307471,173.30462867,0.191636135995,-0.00366253036254,224.148450529,224.084323189,498.698394813,498.515683428,0.201646099296,1.42678423403e-05,54370.416114,458.075940576,-0.0222070097415,-7.33706114608e-10,173.30462867,61003.3738981,5840005.82184
q21notreat_18_c1.tif_nhood_20,0.00338293278287,236.309360396,0.169590950739,-0.00336871327987,222.396938866,222.364399679,567.054369304,560.991169049,0.162967439819,1.41216626399e-05,54070.2844144,463.822000942,-0.0238175643972,-3.89139665777e-10,236.309360396,86313.5520381,6255641.07047
q21notreat_19_c1.tif_nhood_5,0.0054743853036,114.827823364,0.25851769663,-0.0054263087209,222.198954042,222.077509688,562.126310119,584.080331251,0.139762429887,1.41751589351e-05,53798.3915998,442.176966723,-0.0200282891218,-4.03051963903e-08,114.827823364,53174.5675279,14062615.3127
q21notreat_19_c1.tif_nhood_10,0.00470157999647,159.989460416,0.225829941799,-0.00466510492641,220.504773689,220.26160927,614.934528114,650.66970826,0.0941723131309,1.40340734589e-05,53488.5487175,443.081372436,-0.0202788405345,-2.07600049863e-08,159.989460416,88132.2273002,12413928.4799
q21notreat_19_c1.tif_nhood_20,0.00420040594033,226.447482871,0.195947229151,-0.00417127077641,218.30362963,217.922039132,709.343415594,753.000665626,0.0529600879084,1.38543856056e-05,53089.4539868,445.85947165,-0.0213615681146,-9.29757666089e-09,226.447482871,133209.480345,12223598.2628
q21notreat_20_c1.tif_nhood_5,0.00290560572171,276.148779823,0.193864347719,-0.00289220839983,222.638126032,222.678515408,659.209207813,658.329438802,0.128173749768,1.44725277784e-05,53147.6612651,450.015988129,-0.0161856094161,-2.14286412496e-07,276.148779823,-62197.2665358,36940950.8955
q21notreat_20_c1.tif_nhood_10,0.00251218201905,354.81525603,0.171181366859,-0.00250246846372,221.35419981,221.406800704,676.902697606,676.535980186,0.122611054752,1.43597021463e-05,52921.1825363,452.572239191,-0.0164791931525,-1.17758888506e-07,354.81525603,-11120.14091,27119146.0089
q21notreat_20_c1.tif_nhood_20,0.00227849055889,468.472699058,0.152896821424,-0.00227096369101,220.582932284,220.540156498,692.138542201,698.044217955,0.103318594693,1.42503967259e-05,52918.8142831,457.33499754,-0.0174932530479,-3.41585784923e-08,468.472699058,34930.7662534,18846788.6281
q21notreat_21_c1.tif_nhood_5,0.00585286649555,355.244442752,0.257137801857,-0.00577917790615,226.841837352,226.451734918,659.538848452,704.555959246,0.061940503518,1.47568146077e-05,54197.5850517,438.206732298,-0.0160690216697,-4.88488163204e-07,355.244442752,-140567.250056,42594799.8701
q21notreat_21_c1.tif_nhood_10,0.00474931342362,422.572840119,0.221978139817,-0.00469985989303,226.292451385,225.516196493,628.64544917,711.526040573,0.00839355035359,1.46724712111e-05,54188.5273517,438.914231467,-0.0162633335254,-2.77543434089e-07,422.572840119,-95912.3395005,33558441.3581
q21notreat_21_c1.tif_nhood_20,0.00413026770455,530.053653668,0.193844294232,-0.00409239889366,226.407034329,224.982010699,592.999337394,722.17908324,-0.0888706665569,1.46098273311e-05,54415.9389967,441.799103552,-0.0170441364795,-1.4214796333e-07,530.053653668,-54511.7607756,24129062.0141
q21notreat_22_c1.tif_nhood_5,0.00133767955594,289.787723048,0.141136534756,-0.00133530184404,225.709720649,225.393882743,489.213202723,529.180765135,0.126545681625,1.48046230771e-05,53335.8254497,457.66578888,-0.0127694049265,-1.71858647314e-07,289.787723048,-91401.2594429,32299922.4084
q21notreat_22_c1.tif_nhood_10,0.00111291569367,384.593393691,0.11806824008,-0.00111147986765,225.196617559,224.621392035,473.215901907,536.043486783,0.0628757261701,1.4720765867e-05,53356.3616144,461.309076366,-0.013351062514,-1.08679666798e-07,384.593393691,-56830.3198375,24752697.1859
q21notreat_22_c1.tif_nhood_20,0.00102782992591,491.960799302,0.106108921511,-0.00102669225955,224.824224379,223.874932212,468.859542874,546.414488343,-0.0319999387566,1.46295787e-05,53476.9603233,464.081892789,-0.0141416278673,-5.88240782764e-08,491.960799302,-25956.47138,18282330.0061
q21notreat_23_c1.tif_nhood_5,0.00446356124674,176.902972289,0.222990095781,-0.00441928459954,223.662080736,223.526776854,562.386291727,577.928000815,0.138477444929,1.43756346508e-05,53849.9368227,441.525608676,-0.0174875673694,-8.40720656876e-08,176.902972289,-168.062214004,17630640.1854
q21notreat_23_c1.tif_nhood_10,0.00359383648306,244.774667542,0.191016820519,-0.00356542194871,222.422718997,222.15499635,578.868465127,609.374078657,0.102687600631,1.42548128051e-05,53666.1714583,442.806420908,-0.0175267796988,-4.23270884056e-08,244.774667542,37490.2804676,13008044.55
q21notreat_23_c1.tif_nhood_20,0.00321116880159,331.210143855,0.168633145942,-0.00318918465658,220.946995598,220.494349893,622.84399734,668.50973306,0.0576797003588,1.41091808945e-05,53470.3284422,444.768858565,-0.018223965537,-1.17154475991e-08,331.210143855,75536.5173834,10581655.9247
q21notreat_24_c1.tif_nhood_5,0.00637851331943,111.169928489,0.275135862312,-0.00629123277262,235.382337979,235.279261714,210.202389499,216.20627223,1.10455921195,1.50146900506e-05,56926.4608165,449.133218144,-0.0172190133018,-6.32798021066e-10,111.169928489,-12403.6973782,3270857.16623
q21notreat_24_c1.tif_nhood_10,0.00548383497878,146.32933523,0.239897090099,-0.00541508499464,234.730777849,234.550771198,212.861155585,221.711238114,0.955854014568,1.49532344007e-05,56835.744673,449.095171376,-0.0176414102108,-1.61348732167e-10,146.32933523,-3221.75884214,2261695.21005
q21notreat_24_c1.tif_nhood_20,0.00519515066233,179.970575301,0.223713454419,-0.00513143224184,234.365383451,234.099765898,217.119437565,228.257545972,0.79761883228,1.49110814813e-05,56814.4107129,450.430236814,-0.0181495114935,-6.9343489581e-11,179.970575301,2629.50740875,1715514.98937
q21notreat_25_c1.tif_nhood_5,0.00660523747148,228.456848272,0.270941174117,-0.00652815340176,224.98853184,224.96196386,613.66895808,623.464088993,0.137706290144,1.4381375418e-05,54516.2523666,442.72002918,-0.0218513699883,-2.75226725375e-07,228.456848272,-44181.3158321,28682732.424
q21notreat_25_c1.tif_nhood_10,0.00532965427202,282.132236965,0.234605220866,-0.00528114346693,223.489857036,223.437343487,640.413857468,659.60931316,0.119958592471,1.42649948976e-05,54205.2726932,443.055220987,-0.0215351956103,-1.70360055347e-07,282.132236965,-2626.14108947,22918445.4969
q21notreat_25_c1.tif_nhood_20,0.00439687263328,381.942261119,0.200666899649,-0.00436554867363,220.983713707,220.812539138,705.918263902,748.572655238,0.0803331581091,1.40670623172e-05,53704.7132089,443.187823004,-0.021633166006,-6.68680029668e-08,381.942261119,59606.8764204,17606463.9939
q21notreat_26_c1.tif_nhood_5,0.00412225927148,99.121573126,0.211080685878,-0.00409869770246,226.068218338,226.041294334,393.435500922,393.431868286,0.344415503725,1.42939309339e-05,55105.1987144,458.839049626,-0.0228146348988,-4.68191160184e-10,99.121573126,55224.5546253,3774221.26634
q21notreat_26_c1.tif_nhood_10,0.00365071532907,127.867385005,0.186853513846,-0.00363286429772,224.259698616,224.197623263,455.813841721,455.08660629,0.244185876774,1.41590468007e-05,54736.8096429,462.39385959,-0.0235149871529,-1.64105827337e-10,127.867385005,74518.2327658,4277074.25709
q21notreat_26_c1.tif_nhood_20,0.00351255789253,150.511319964,0.173727503599,-0.00349640682176,223.107636644,222.980916149,504.007758202,503.657240153,0.18218762009,1.40661523436e-05,54529.4099966,465.28496206,-0.0244270332556,-4.01316788705e-11,150.511319964,88906.2386543,4881418.06543
q21notreat_27_c1.tif_nhood_5,0.00402293465128,135.02687799,0.216893179299,-0.00399984038222,230.207137326,230.000031332,304.174878782,313.165172856,0.442714056899,1.4697759503e-05,55646.0312157,459.578700367,-0.0195498747872,-8.51442615809e-11,135.02687799,14897.9180287,3017112.26351
q21notreat_27_c1.tif_nhood_10,0.00347136912607,168.535437846,0.189418421114,-0.00345468912224,229.359540235,228.956653778,319.112957717,334.840382514,0.274941586779,1.46130459221e-05,55543.9734864,462.993843948,-0.0203436365854,-1.21550087161e-10,168.535437846,24838.103068,2692594.08603
q21notreat_27_c1.tif_nhood_20,0.00317707372262,199.28299,0.172152368825,-0.00316346747337,228.644113731,227.979943082,336.759559101,358.690570288,0.102613633431,1.45319705551e-05,55493.2451131,466.290438892,-0.021188438791,-6.81677176239e-11,199.28299,33329.2560882,2573457.33336
q21notreat_28_c1.tif_nhood_5,0.00228850162653,202.095983014,0.178235907056,-0.00227987622607,222.497654844,222.294207252,500.027155724,512.157434025,0.154966897862,1.44625385066e-05,52954.4222583,450.733611228,-0.0143891754124,-9.21216375992e-09,202.095983014,38310.7572842,8527488.56762
q21notreat_28_c1.tif_nhood_10,0.00186457989687,270.59579144,0.149664868773,-0.00185910979823,221.36442576,220.89547031,522.484275014,547.459940299,0.0781046178224,1.43414934862e-05,52829.6108188,454.033986104,-0.014632589599,-4.33086013325e-09,270.59579144,60789.2685006,7435206.92115
q21notreat_28_c1.tif_nhood_20,0.00164378651703,362.836542699,0.131522284098,-0.00163960097307,220.46922385,219.515128396,553.531486357,594.093161522,-0.0277719726031,1.42244427731e-05,52808.4077323,457.471463662,-0.0151351860313,-2.08597960568e-09,362.836542699,80925.9776743,6830491.2048
q21notreat_29_c1.tif_nhood_5,0.00214807659401,203.129189794,0.175330363933,-0.00213629248666,222.42963966,221.959308415,459.365857972,484.689671283,0.0987577766914,1.45714908218e-05,52531.1849076,444.280787825,-0.011762828192,-4.37305050162e-09,203.129189794,32251.7248179,7360701.21873
q21notreat_29_c1.tif_nhood_10,0.00176553526972,266.894757642,0.148835687337,-0.00175743231534,221.132784436,220.325875393,483.538157603,520.216429849,-0.000130416179007,1.44520604909e-05,52329.6806313,446.250165257,-0.0118959698727,-2.32973883968e-09,266.894757642,53274.3698991,6679845.45054
q21notreat_29_c1.tif_nhood_20,0.00162593321635,331.500952655,0.135664791785,-0.0016188819786,220.24196917,219.061129577,506.161977987,550.903215565,-0.0874582453363,1.4363261114e-05,52215.5153566,447.509136591,-0.0121611789403,-4.52075448622e-10,331.500952655,69440.2530137,6125504.4102
q21notreat_30_c1.tif_nhood_5,0.00913795222257,96.5197447763,0.315387991587,-0.00902027210888,226.110837405,225.956195675,439.182178369,448.958356544,0.230076873966,1.42182674284e-05,55423.1176869,444.578023244,-0.0265523781389,-1.16213219301e-09,96.5197447763,61875.5433487,4880793.70489
q21notreat_30_c1.tif_nhood_10,0.00727226265915,119.564327068,0.265107113101,-0.00719635465203,223.541185477,223.252349861,528.59338673,544.179969881,0.125553618542,1.40329161446e-05,54872.1627101,444.961629674,-0.0267059615937,-4.27490398096e-10,119.564327068,93661.2571856,5891135.69254
q21notreat_30_c1.tif_nhood_20,0.00629705828432,149.748085988,0.229578469656,-0.00623730383428,220.34003108,219.896410256,663.120407544,682.464101625,0.0560869700876,1.38065758981e-05,54175.9563244,446.659261849,-0.0277250622317,-2.48199284266e-10,149.748085988,139361.754768,8589521.01141
q43kinetin_19_c1.tif_nhood_5,0.00877346787687,57.8690652945,0.345994875684,-0.00868610418179,227.066781609,226.978691403,405.364631614,409.434414572,0.301131057439,1.42614686367e-05,55710.3632827,448.917628681,-0.0271274408188,-2.54943790158e-09,57.8690652945,50482.7332958,5163107.3187
q43kinetin_19_c1.tif_nhood_10,0.00729417037001,70.8122789715,0.297093962991,-0.00723247910203,224.901258181,224.737585049,479.473142147,485.03619419,0.191702905383,1.41154878545e-05,55214.751578,451.20774683,-0.0281008335644,-1.80488795734e-09,70.8122789715,74243.5088978,5897519.6037
q43kinetin_19_c1.tif_nhood_20,0.00624577040582,108.049598149,0.246856074329,-0.00619877793187,223.29867635,223.003286415,550.807900251,556.226742458,0.116563080914,1.39971699703e-05,54892.4313952,456.969471074,-0.0302443326393,-2.49147813378e-09,108.049598149,95274.9245561,6943458.29735
q43kinetin_20_c1.tif_nhood_5,0.00566047489594,54.009070631,0.255394713829,-0.00560370527173,228.476646158,228.41451301,304.26879592,306.583665426,0.554950338101,1.4403102517e-05,55817.4172604,453.076525306,-0.0236546444578,-1.21102276865e-10,54.009070631,44215.4102068,2099740.99815
q43kinetin_20_c1.tif_nhood_10,0.00443884615775,74.3079309184,0.216141522638,-0.00440661801728,226.683585549,226.543524316,360.207574239,364.738705897,0.352672072391,1.42731311385e-05,55439.730812,453.845270312,-0.0237174851478,-5.61547530291e-11,74.3079309184,57789.8313169,2745014.83548
q43kinetin_20_c1.tif_nhood_20,0.00365900872942,96.1861710187,0.185416110222,-0.00363944209577,224.547130238,224.276818872,436.372391419,443.324068863,0.193473919917,1.41220148794e-05,54978.015105,453.720767397,-0.023828065987,-0.0,96.1861710187,77108.1294818,3806142.215
q43kinetin_21_c1.tif_nhood_5,0.00739506502418,88.1812546362,0.310384327342,-0.00732589078445,228.697732536,228.674259557,387.614681593,387.08963595,0.363433207995,1.43777257563e-05,56094.5560583,452.231823651,-0.0260855444037,-4.79346157319e-08,88.1812546362,1341.16653854,12720769.3901
q43kinetin_21_c1.tif_nhood_10,0.00634073658641,102.717312958,0.272979477654,-0.00628968629144,227.257813318,227.200744048,430.412767026,429.44898554,0.28146386856,1.42778527358e-05,55773.4844263,454.035925093,-0.0266608363494,-4.07489022009e-08,102.717312958,18755.8637377,11764390.1397
q43kinetin_21_c1.tif_nhood_20,0.00546376366193,145.34527744,0.232796920034,-0.00542510741259,225.421473032,225.272799616,495.587331554,493.678017701,0.186733234953,1.41446886949e-05,55387.8864592,458.271765107,-0.0280275721729,-1.95788343371e-08,145.34527744,47860.8434951,9619465.54194
q43kinetin_22_c1.tif_nhood_5,0.00814424603934,30.2093603388,0.306285075306,-0.00804742144937,226.26901969,226.146206353,376.410716347,379.735008427,0.331344058058,1.42511656171e-05,55327.781989,446.901597643,-0.0253372269351,-0.0,30.2093603388,66217.2565822,3195624.53778
q43kinetin_22_c1.tif_nhood_10,0.00665809579727,43.1717671468,0.261237431202,-0.00659542952896,223.75953773,223.526759625,467.034139689,472.1624432,0.179978983901,1.40744358525e-05,54781.6441165,447.426973439,-0.025742506306,-0.0,43.1717671468,91313.2812026,4755574.37073
q43kinetin_22_c1.tif_nhood_20,0.00584333783027,64.42662682,0.225074547308,-0.00579667592552,220.429789738,220.032214901,609.806049223,616.417978259,0.0752591582886,1.38387046334e-05,54064.7379292,449.799848492,-0.0271815921195,-0.0,64.42662682,134187.756337,7772437.51041
q43kinetin_23_c1.tif_nhood_5,0.0090229340716,811.168405658,0.301111427026,-0.00888281093778,214.803626779,214.771948398,1634.54482885,1634.62492471,0.0182940345943,1.41919050471e-05,51335.8701746,417.46455623,-0.0210736034968,-9.87716238568e-06,811.168405658,-309369.724184,140499538.375
q43kinetin_23_c1.tif_nhood_10,0.0075286100124,892.716321044,0.262723213784,-0.00742407617206,212.347667363,212.274811104,1717.89383749,1717.60802134,0.0154421879205,1.40420862127e-05,50728.4755272,415.093792224,-0.0202546086151,-9.63528015673e-06,892.716321044,-214502.773675,130179913.514
q43kinetin_23_c1.tif_nhood_20,0.006196209029,1111.79196733,0.225396527329,-0.00611838649031,209.538915522,209.355426958,1846.49070347,1850.22479596,0.0109972220206,1.38893107237e-05,50005.2853732,415.508743654,-0.0197755684567,-8.85677310779e-06,1111.79196733,-104873.10804,121077364.375
q43kinetin_24_c1.tif_nhood_5,0.00606281304415,126.309705914,0.268618527853,-0.00600018943653,230.719361566,230.655327143,365.523815677,366.969638757,0.385694838014,1.47004233551e-05,55944.7112546,450.778788313,-0.0206975870657,-2.8307656574e-08,126.309705914,-30108.6937302,12080846.8889
q43kinetin_24_c1.tif_nhood_10,0.00489242040133,173.847202358,0.232504791111,-0.00485376579957,229.539345116,229.3993888,379.581310185,383.438398933,0.320131858809,1.45981538423e-05,55742.0832323,451.460108244,-0.0208436952196,-1.21969826267e-08,173.847202358,-6283.48173615,8908340.98564
q43kinetin_24_c1.tif_nhood_20,0.00420327390628,271.88442785,0.204099640325,-0.00417561882483,228.691596755,228.431135593,404.003696661,408.678787611,0.234166413812,1.4508535714e-05,55663.0977273,453.713684275,-0.0215085203754,-5.29888000857e-09,271.88442785,13169.7080692,6751870.62601
q43kinetin_25_c1.tif_nhood_5,0.00443915330649,63.7932163303,0.278936707897,-0.00441711532543,236.618189768,236.634738895,145.629188775,148.918128277,2.67288033755,1.51614052343e-05,56924.881537,477.136901269,-0.0202837266048,-1.03158139527e-09,63.7932163303,-14989.2948646,2757198.94392
q43kinetin_25_c1.tif_nhood_10,0.00378226945996,84.6336600709,0.236622865137,-0.00376614083865,237.173701866,237.203277044,137.205692542,141.893520549,3.03101470727,1.51747957854e-05,57134.3948008,478.152875615,-0.0213575762634,-3.61736939558e-10,84.6336600709,-13199.3823606,2402095.31865
q43kinetin_25_c1.tif_nhood_20,0.00347609731982,120.628860812,0.203921156776,-0.00346209309808,237.996952772,238.025348716,129.509177102,135.236679671,3.38107094191,1.51984323798e-05,57436.011727,479.891513404,-0.0228153392723,-4.73318763336e-10,120.628860812,-10940.7308087,1859992.96788
q43kinetin_26_c1.tif_nhood_5,0.00699433308695,153.743805669,0.279198667354,-0.00692060335398,225.590987077,225.614808443,557.222838925,553.515688931,0.182437019771,1.43642699018e-05,54805.4699921,444.442019694,-0.0233289692773,-7.87601036628e-08,153.743805669,-5451.53852204,17568954.019
q43kinetin_26_c1.tif_nhood_10,0.00576474243909,194.980647111,0.239091449951,-0.00571542459227,223.662535469,223.695094026,608.712696888,603.600933855,0.153544593013,1.42187069247e-05,54406.9456375,445.492948636,-0.0235873401165,-4.89954082921e-08,194.980647111,31013.8085373,15157796.8106
q43kinetin_26_c1.tif_nhood_20,0.0052044455724,314.868220406,0.211008222536,-0.00516372722506,221.32421797,221.363791507,697.7346204,687.298368669,0.117557856588,1.40309266469e-05,53975.0822751,447.83831318,-0.0245599016233,-2.19101819676e-08,314.868220406,82155.6095085,12476899.1457
q43kinetin_27_c1.tif_nhood_5,0.0058757299956,63.6234249418,0.257312072256,-0.00582203220105,227.269473344,227.114278286,350.939612357,359.28984808,0.359951262322,1.43481089706e-05,55463.7254931,449.054855281,-0.0221731675515,-2.36095840388e-10,63.6234249418,50565.2622628,3135717.09249
q43kinetin_27_c1.tif_nhood_10,0.005037891277,85.8641068148,0.223493408181,-0.00499772010265,225.187753649,224.872310823,417.916040427,431.988692608,0.191498143244,1.41934778792e-05,55035.5714938,450.288767418,-0.0227921501171,-1.66825907508e-10,85.8641068148,70718.5611522,3936505.0391
q43kinetin_27_c1.tif_nhood_20,0.00469375112628,124.473099784,0.199701411753,-0.00465830847459,223.290481826,222.711369733,494.884288439,515.145535785,0.0671547029212,1.40458555217e-05,54674.6780391,455.587509863,-0.0242698754782,-5.53374592672e-11,124.473099784,93049.4025994,5068373.98399
q43kinetin_28_c1.tif_nhood_5,0.00530313645818,91.6981920052,0.248564802121,-0.00526491353959,228.708340178,228.586071577,354.77930862,369.663375503,0.364980333483,1.44494001793e-05,55823.1025678,454.929021298,-0.0233654453355,-1.42374775877e-08,91.6981920052,12646.648324,8484866.1433
q43kinetin_28_c1.tif_nhood_10,0.00456077596829,129.70299949,0.214119170191,-0.00453355501806,227.482951515,227.260657506,381.604912173,408.689653199,0.263984120781,1.43423953498e-05,55617.2022502,459.357540075,-0.0247837142475,-4.49854284852e-09,129.70299949,35683.5420263,5727771.45499
q43kinetin_28_c1.tif_nhood_20,0.00421691866681,201.933907401,0.189112550327,-0.00419476815476,226.140852996,225.768388094,430.791787362,470.331354692,0.154124015652,1.42182251121e-05,55429.4669142,464.178678458,-0.0266678115436,-1.23261002878e-09,201.933907401,57878.1898711,4561087.8193
q43kinetin_29_c1.tif_nhood_5,0.00725896884238,45.9885741202,0.287617827549,-0.00717756379405,231.964829644,231.809909607,226.809875174,233.6154935,0.884238236531,1.45583513638e-05,56904.7594035,456.024424108,-0.0257238161566,-1.76087322108e-10,45.9885741202,25409.2714488,1494846.00717
q43kinetin_29_c1.tif_nhood_10,0.00588383711554,64.5199968812,0.24403249559,-0.00583157716594,230.591136019,230.303701674,264.254695345,273.571423079,0.52554747109,1.44535970369e-05,56635.0902294,457.524795566,-0.0262076482815,-7.25716340604e-11,64.5199968812,34014.616434,1668280.95119
q43kinetin_29_c1.tif_nhood_20,0.00513200625175,82.8434405875,0.22042202853,-0.00509294421298,228.451397475,227.974607703,330.155500294,341.398196964,0.224085686955,1.43030771194e-05,56170.4872357,457.257341364,-0.0263587807797,-5.58296987078e-11,82.8434405875,49301.5894449,2272129.94064
q43kinetin_30_c1.tif_nhood_5,0.00589748368361,47.7324607963,0.26303749049,-0.00585004224723,233.280233095,233.131525551,197.888751899,204.087996791,1.17649242197,1.46585934706e-05,57165.74778,459.891819741,-0.0256549596518,-4.01253743244e-11,47.7324607963,18918.0269116,1095786.96474
q43kinetin_30_c1.tif_nhood_10,0.00476613513995,63.4723009625,0.222818807147,-0.00473950329241,232.263222082,231.973313337,222.324728806,232.03175553,0.740397037973,1.45726967615e-05,56995.8640657,463.591586932,-0.0271454512305,-3.32579819263e-11,63.4723009625,24928.6349742,1151136.53758
q43kinetin_30_c1.tif_nhood_20,0.00425545889928,83.8974712294,0.19686302802,-0.00423604094582,230.586678438,230.048670909,269.783990729,284.149729601,0.28447108085,1.44405331746e-05,56683.6070408,464.202600288,-0.0283298477534,-4.11760368497e-11,83.8974712294,35490.5212957,1509900.14062
q43notreat_01_c1.tif_nhood_5,0.00733775865349,31.3971978268,0.307710042874,-0.00726188360265,226.387974887,226.193104037,387.2151069,395.343445284,0.280127766539,1.42158320911e-05,55514.133726,447.777644655,-0.0250065850215,-2.27377222623e-10,31.3971978268,62242.1342868,3719580.94737
q43notreat_01_c1.tif_nhood_10,0.00622356865222,42.4407091709,0.26723333921,-0.00616870661879,223.469501488,223.117897761,494.32953765,506.906613824,0.12801583812,1.4014597705e-05,54862.5359581,447.671303286,-0.0253841454233,-2.74398011965e-10,42.4407091709,93732.5559233,5401893.25312
q43notreat_01_c1.tif_nhood_20,0.00574121456586,63.5827050352,0.233646695481,-0.0056928000517,220.10112776,219.541745645,644.493558564,659.518213408,0.0420871484512,1.37757313285e-05,54138.5135843,451.060523111,-0.0272106521005,-2.24265413754e-10,63.5827050352,141508.253938,8546820.16406
q43notreat_02_c1.tif_nhood_5,0.00925905001372,618.783800941,0.311475144761,-0.00913474570626,215.163722956,215.088342343,1448.41335737,1450.40068121,0.022197711674,1.40240585708e-05,51821.7951264,424.911090546,-0.0259002453325,-5.68192383142e-06,618.783800941,-162973.496191,104155254.093
q43notreat_02_c1.tif_nhood_10,0.00717655460684,703.826866052,0.259858228004,-0.00710175351174,212.193682528,212.031425196,1566.76191963,1575.12989803,0.0162977840113,1.38480805206e-05,51074.3038923,424.362924524,-0.0249837643951,-5.57098757276e-06,703.826866052,-64549.3053512,98278165.093
q43notreat_02_c1.tif_nhood_20,0.00570184637253,911.86793824,0.216322236349,-0.00565117171339,208.150402473,207.935745915,1774.63130224,1774.65076804,0.0113267547599,1.36305289392e-05,50026.3595509,424.619488702,-0.0243113978683,-5.42728406701e-06,911.86793824,66036.0096616,96872859.5403
q43notreat_03_c1.tif_nhood_5,0.00945587466578,33.0063533935,0.331247386164,-0.00933988124011,230.204032907,230.177930788,285.928365759,287.763006784,0.666733220402,1.44254906052e-05,56564.5112874,456.844764374,-0.0311398431304,-1.99904415987e-11,33.0063533935,39835.8210652,1821856.75934
q43notreat_03_c1.tif_nhood_10,0.00758170603436,48.9349752542,0.281635347838,-0.00751138196145,228.481617897,228.410015327,339.996445977,343.125098724,0.441886014324,1.42984182681e-05,56210.9174339,459.605047444,-0.0318637140702,-0.0,48.9349752542,53071.0183754,2378358.97502
q43notreat_03_c1.tif_nhood_20,0.00646480272748,73.9323011513,0.241482623842,-0.00641453095493,225.201996172,225.008720337,459.678364635,463.862849591,0.201361235373,1.40712720188e-05,55487.2539008,460.119016069,-0.0322085343458,-0.0,73.9323011513,83690.5009968,4116538.70325
q43kinetin_02_c1.tif_nhood_5,0.00594673538828,308.067728857,0.252481215436,-0.00589417207265,224.66175593,224.507068903,931.12421865,947.99335362,0.0501391994613,1.44597412752e-05,54420.0470442,443.387079892,-0.0228630151067,-2.86784986101e-06,308.067728857,-333995.720082,113772546.098
q43kinetin_02_c1.tif_nhood_10,0.00500775194428,387.364571095,0.220646381998,-0.00497257347786,223.234654808,222.996389511,967.161352667,991.005280561,0.0401768254944,1.43549274155e-05,54118.3382995,445.828832895,-0.0234116275269,-2.47363621627e-06,387.364571095,-278191.772908,101520156.539
q43kinetin_02_c1.tif_nhood_20,0.00445017924868,596.655775183,0.192950006916,-0.00442283884625,221.933669802,221.563520248,1008.71744699,1043.32382666,0.0281595834521,1.42477703455e-05,53885.382409,448.438561688,-0.0240575023477,-1.83126033238e-06,596.655775183,-193620.086345,81509623.079
q43kinetin_03_c1.tif_nhood_5,0.00585150734959,31.5241386395,0.278645896908,-0.00580691429219,229.12110967,229.152035801,279.701172317,279.011872135,0.743317406843,1.44279051785e-05,56021.7969633,456.115118276,-0.0233792105859,-0.0,31.5241386395,42027.4613955,1750859.75417
q43kinetin_03_c1.tif_nhood_10,0.00503351358754,42.6313767512,0.240975712691,-0.0050009248329,227.202612468,227.23521801,341.073183668,340.139192545,0.497415846103,1.42899521764e-05,55616.648797,460.493051201,-0.0250043309249,-0.0,42.6313767512,56048.2494053,2493310.38945
q43kinetin_03_c1.tif_nhood_20,0.00461982508806,57.0085028214,0.214479960318,-0.00459261139129,225.59859759,225.594564498,403.403040289,402.172320362,0.339132329717,1.41663575613e-05,55310.2875355,465.105774994,-0.0268058912907,-0.0,57.0085028214,70784.8078044,3338246.26844
q43kinetin_04_c1.tif_nhood_5,0.00927086515271,36.4832176095,0.326512554927,-0.00915237781718,227.269740131,227.223404995,374.81022858,374.839291337,0.375996475541,1.42420365772e-05,55843.9846437,447.18676645,-0.0279847211696,-3.36774950357e-10,36.4832176095,58948.4569824,3432392.24716
q43kinetin_04_c1.tif_nhood_10,0.00750401120747,48.2900664167,0.278144914751,-0.00742753819239,224.713549528,224.646990484,468.247914897,466.419554539,0.233195115924,1.40688864141e-05,55265.2139021,445.501505866,-0.0276858852135,-2.34016920711e-10,48.2900664167,84256.7838356,4722525.65226
q43kinetin_04_c1.tif_nhood_20,0.00655520404259,72.1687397959,0.239834839564,-0.00649497296169,221.55109949,221.427033163,605.986205283,602.996434769,0.127266861118,1.38480490235e-05,54576.3188767,445.380040816,-0.0286249697186,-1.04123016345e-10,72.1687397959,124705.142365,7236498.68089
q43kinetin_05_c1.tif_nhood_5,0.00753440070599,55.443912418,0.308960577766,-0.00744031236627,228.413583179,228.308719208,337.303459311,345.245782964,0.420829115942,1.4402675988e-05,55821.2582434,447.918550667,-0.0237565934857,-3.85065479356e-09,55.443912418,31735.5231711,4881431.86399
q43kinetin_05_c1.tif_nhood_10,0.00616443003428,68.4174153858,0.266224905971,-0.00610187864504,226.869512189,226.657334014,382.449535165,396.971001801,0.274891966451,1.42882295485e-05,55501.8309531,448.359637993,-0.0238753746629,-2.19203889724e-09,68.4174153858,46485.3256486,5048496.29632
q43kinetin_05_c1.tif_nhood_20,0.004978205608,98.101890215,0.226707843512,-0.0049386064744,223.755910787,223.371555047,489.487263045,512.400577711,0.119208197799,1.40668684683e-05,54826.9727569,448.545062664,-0.0241247682065,-1.9651368549e-09,98.101890215,81959.5419196,5812359.79166
q43kinetin_06_c1.tif_nhood_5,0.00914998207742,25.4067862408,0.339944781604,-0.00905039836826,234.391363374,234.276507561,175.695202215,179.753671199,1.58985077943,1.46664938812e-05,57659.3069248,457.538543703,-0.0278820513061,-2.01417190073e-11,25.4067862408,18924.5114633,730846.540715
q43kinetin_06_c1.tif_nhood_10,0.00750267936581,39.0978093488,0.289077921923,-0.0074357251062,232.958642321,232.73494563,210.747294408,217.227367831,0.936543636202,1.45575471344e-05,57378.2287295,460.051616673,-0.0291859522443,-0.0,39.0978093488,26061.0150541,956934.403584
q43kinetin_06_c1.tif_nhood_20,0.00649855608806,59.8679433854,0.2512296854,-0.00644876173812,230.92068226,230.555576764,269.926262374,278.377328972,0.442896406212,1.44108481764e-05,56950.2283206,463.541852568,-0.0307287153218,-0.0,59.8679433854,37892.1627294,1463850.21676
q43kinetin_07_c1.tif_nhood_5,0.00731079182508,43.1525723133,0.325091153203,-0.00724413063631,231.572461779,231.465570473,241.163159339,251.489005258,0.821875278358,1.4541773835e-05,56785.3398016,456.42204975,-0.0251299972735,-3.49402553852e-09,43.1525723133,16082.7120969,4285803.46475
q43kinetin_07_c1.tif_nhood_10,0.00594663521132,62.313773826,0.274988890699,-0.0059023412153,229.901907978,229.72275657,286.158749642,299.574084637,0.522831752814,1.44169519229e-05,56446.4625617,455.902506448,-0.0256053510872,-2.07552894679e-09,62.313773826,30724.2203512,3477315.35866
q43kinetin_07_c1.tif_nhood_20,0.00508824164187,91.53652709,0.23764470976,-0.005054387632,227.086135323,226.803753487,378.773572997,395.142004683,0.25065103225,1.42178618207e-05,55839.423429,456.101282753,-0.0265643442604,-1.05477215276e-09,91.53652709,55961.7474851,3502408.38407
q43kinetin_08_c1.tif_nhood_5,0.00595799259403,32.7413561787,0.288260482049,-0.00590812903228,233.184978227,233.095335002,175.889485537,177.61842355,1.63927002219,1.46766025082e-05,57033.5594012,457.585037855,-0.022616443284,-5.10145594732e-12,32.7413561787,19829.3271765,736898.688577
q43kinetin_08_c1.tif_nhood_10,0.00487577898713,46.829460766,0.247522507615,-0.00484260656387,231.78145292,231.609964128,209.499753217,212.380953949,1.0253516539,1.45722550101e-05,56749.3028728,457.4924419,-0.0230661651769,-0.0,46.829460766,26177.4849077,963372.434907
q43kinetin_08_c1.tif_nhood_20,0.00425073338799,60.892018933,0.219999153867,-0.00422497562374,230.179389178,229.914926819,253.081931593,256.429348663,0.60468274946,1.44608578e-05,56397.7693273,458.373133636,-0.0236172114185,-0.0,60.892018933,34577.2584686,1336187.46514
q43kinetin_09_c1.tif_nhood_5,0.00749052727359,55.1727606416,0.305095678641,-0.00741380032174,232.192123011,232.072591421,249.439094011,256.407135535,0.766826486488,1.46236593546e-05,56809.5655514,454.398743575,-0.0248927821213,-1.57901111655e-09,55.1727606416,14883.5863209,2835493.74665
q43kinetin_09_c1.tif_nhood_10,0.00618268092712,73.1860666991,0.259250828936,-0.00613251893064,231.021019781,230.797041521,274.908591785,285.948883981,0.535055585311,1.4528423426e-05,56596.4409678,456.976694485,-0.025843689973,-7.56728906575e-10,73.1860666991,25104.5844197,2583785.09329
q43kinetin_09_c1.tif_nhood_20,0.00527500918657,115.313807706,0.219117854826,-0.0052403683101,229.181480698,228.748149716,329.45738664,345.208076991,0.247495219667,1.43812800075e-05,56260.1748079,460.492082899,-0.0272862161859,-6.00596562524e-10,115.313807706,41352.9848263,2628081.54414
q43kinetin_10_c1.tif_nhood_5,0.00700550224358,26.3261219505,0.291849900386,-0.00694681936133,230.276155775,230.251107941,272.530801187,273.335612383,0.738129290966,1.44157784932e-05,56619.8716,458.96166804,-0.0287482177381,-0.0,26.3261219505,39269.6663273,1572078.17829
q43kinetin_10_c1.tif_nhood_10,0.00590843206856,37.0049173355,0.251646280583,-0.00586987212003,228.47496693,228.409784189,331.297302144,332.771249158,0.471741642228,1.42843346986e-05,56246.7702762,460.44304398,-0.0297562039305,-0.0,37.0049173355,52254.5479584,2221447.3563
q43kinetin_10_c1.tif_nhood_20,0.00540948512434,49.3703149004,0.220847983283,-0.00537867704247,226.151438887,225.964019465,421.199673841,423.932539412,0.244309927203,1.41100533805e-05,55784.7674774,461.665405727,-0.0317315762077,-0.0,49.3703149004,74021.9054521,3440165.55233
q43kinetin_11_c1.tif_nhood_5,0.0135346867915,381.796252789,0.37276240467,-0.0133028823196,221.775498466,221.703520636,1245.3313547,1245.7049269,0.0317745225519,1.42173641654e-05,54143.8986263,428.529859175,-0.0313322596271,-5.28178511529e-06,381.796252789,-408506.391498,156210768.731
q43kinetin_11_c1.tif_nhood_10,0.0109462903678,443.096159128,0.320126616144,-0.0107958742431,218.963506904,218.820962661,1362.07191314,1368.09944523,0.0236131260259,1.40496106262e-05,53450.6866061,427.685888266,-0.0312304446662,-5.89730084646e-06,443.096159128,-333475.995984,147041252.878
q43kinetin_11_c1.tif_nhood_20,0.0093878245056,517.828154988,0.275810399164,-0.00927301574318,216.327610959,216.099700784,1493.39861294,1496.98263506,0.0169130080338,1.38885424655e-05,52825.6029554,428.253657081,-0.0321661458482,-6.01704962737e-06,517.828154988,-262381.619763,143674588.998
q43kinetin_12_c1.tif_nhood_5,0.00718155660727,95.2437765838,0.287685245365,-0.00712049209743,227.969109022,227.93802552,429.588515445,433.268437549,0.288770842175,1.4370426487e-05,55806.8010661,453.256048802,-0.027655851817,-2.43054848804e-08,95.2437765838,10289.6138212,11122573.632
q43kinetin_12_c1.tif_nhood_10,0.00616174361126,127.700412691,0.245085229702,-0.00611850264189,226.272062096,226.150353434,475.237815134,487.0100931,0.205441015108,1.42331340203e-05,55488.1179704,456.022524675,-0.0292002801573,-1.11305133555e-08,127.700412691,40524.661627,8712005.75759
q43kinetin_12_c1.tif_nhood_20,0.00564340458858,201.564926569,0.212339905255,-0.00560742537365,224.834895886,224.473839182,528.908999609,553.850185444,0.10859704107,1.41002078878e-05,55282.1165838,459.148766345,-0.0309126454095,-4.66826286783e-09,201.564926569,70015.5553551,7263797.31026
q43kinetin_13_c1.tif_nhood_5,0.00769760290772,56.3221144875,0.307560379752,-0.00760587306205,228.777508503,228.636084053,335.409206983,341.537489882,0.408910728106,1.43938513092e-05,56026.3405883,448.710033564,-0.0247306747775,-2.46129475688e-09,56.3221144875,34274.9385852,4187186.211
q43kinetin_13_c1.tif_nhood_10,0.00652011571727,77.8159406482,0.267487883154,-0.00645415942293,227.181642173,226.930161208,385.884426221,393.427821832,0.259521831297,1.42692020836e-05,55720.8949877,448.917712146,-0.0250988033242,-1.25683036605e-09,77.8159406482,51692.0652978,4114580.59605
q43kinetin_13_c1.tif_nhood_20,0.00572064301623,113.823882642,0.233247367916,-0.00567083331051,224.741785732,224.32412195,481.161418696,487.992720694,0.119792137468,1.40881225184e-05,55228.7213094,449.466273313,-0.0260963118765,-6.29299273741e-10,113.823882642,79380.4634435,5007197.04848
q43kinetin_14_c1.tif_nhood_5,0.00646249902797,98.1043194341,0.282320867375,-0.00639406201511,233.853390926,233.728632973,239.314512718,247.859603109,0.825081618407,1.47774376997e-05,57064.8358679,454.556687754,-0.0223166919748,-1.24415607663e-08,98.1043194341,-19172.7022065,8199744.90987
q43kinetin_14_c1.tif_nhood_10,0.00530834390009,123.827806258,0.24568299057,-0.00526365259376,232.691027949,232.427615639,258.465395954,275.105835322,0.558743270437,1.46862502771e-05,56841.542147,454.848887547,-0.0227385038278,-9.65056911333e-09,123.827806258,-8352.164809,6989821.83932
q43kinetin_14_c1.tif_nhood_20,0.00448883729724,181.680234315,0.214119165668,-0.00445853258025,231.023824098,230.514948175,296.609251264,324.210760187,0.244414088492,1.45527086851e-05,56535.226625,455.154368483,-0.0234986720534,-5.55026857021e-09,181.680234315,9877.54703203,5270797.48347
q43kinetin_15_c1.tif_nhood_5,0.00661173469534,157.107685106,0.279189236472,-0.00654630139795,227.323516702,227.208242369,484.683108848,498.603754771,0.197460997756,1.44575997069e-05,55255.7689258,447.071343689,-0.0225031718602,-1.05045105381e-07,157.107685106,-28597.508282,20046532.367
q43kinetin_15_c1.tif_nhood_10,0.0053963754309,207.412364129,0.236007808612,-0.00535320565882,225.646587501,225.426954575,524.486247114,547.103916474,0.14155126785,1.43239159624e-05,54933.0827182,447.701724004,-0.022810204314,-6.59584498936e-08,207.412364129,5510.49553443,16145675.6472
q43kinetin_15_c1.tif_nhood_20,0.00456700338573,307.172714048,0.200717600126,-0.00453564688792,223.224518843,222.870383355,602.970664675,631.798669432,0.0824223172479,1.4132121395e-05,54471.2444887,449.021925464,-0.0233136198286,-2.80664036929e-08,307.172714048,54396.296716,12328123.1573
q43kinetin_16_c1.tif_nhood_5,0.00739874953279,41.0447102642,0.311966660207,-0.00733020337719,233.447616219,233.383968346,201.406457896,204.180682062,1.28839153911,1.46944800379e-05,57123.8740049,457.217408488,-0.0248114171162,-2.49301739516e-11,41.0447102642,17963.1623473,1109000.02819
q43kinetin_16_c1.tif_nhood_10,0.00624653185355,59.3213119738,0.26979262951,-0.00619973476174,232.487974743,232.371307297,223.241484082,227.403600227,0.972870484359,1.46111321507e-05,56971.6226309,459.632312909,-0.026068332998,-0.0,59.3213119738,24412.3957762,1109155.11021
q43kinetin_16_c1.tif_nhood_20,0.00544146160715,85.7797002017,0.230269140161,-0.00540799169322,231.443774265,231.252224722,256.246687686,261.034402898,0.663504438038,1.45162265144e-05,56826.5812685,464.380151733,-0.0282880014088,-0.0,85.7797002017,31310.5816217,1298239.90323
q43kinetin_17_c1.tif_nhood_5,0.00710426105946,19.5681311369,0.346391398231,-0.0070351941832,232.127897619,232.097833417,186.100467053,186.85772679,1.57316519347,1.46387495379e-05,56662.0692051,464.008881685,-0.0239861631248,-0.0,19.5681311369,23334.0255028,859597.69536
q43kinetin_17_c1.tif_nhood_10,0.00594605039509,29.4614315134,0.299718530707,-0.00589664561135,231.288502055,231.222876788,208.314125067,209.809986877,1.19553514498,1.45698194714e-05,56516.3481611,464.500052197,-0.0244130440707,-0.0,29.4614315134,27468.6686225,1023184.91024
q43kinetin_17_c1.tif_nhood_20,0.00496382610924,43.3136635944,0.255253517476,-0.00492966418298,229.602630926,229.479928121,255.723812255,258.047341063,0.730401280778,1.44475575922e-05,56164.9937149,463.167714896,-0.024562143927,-0.0,43.3136635944,36679.8256197,1448283.78311
q43notreat_05_c1.tif_nhood_5,0.00812568085479,111.59230947,0.308709116139,-0.00802987192996,226.600470349,226.503060896,495.908647416,504.473193491,0.195433999747,1.43579810393e-05,55251.7442304,445.037521467,-0.0248228074402,-8.15279481299e-08,111.59230947,-5119.44255583,17517152.3821
q43notreat_05_c1.tif_nhood_10,0.00659693544253,146.833212375,0.262631914781,-0.00653461930573,224.720342138,224.55465256,549.034700684,559.810956837,0.14336812527,1.42170811798e-05,54862.6844465,445.763394519,-0.0250635761674,-5.74311128646e-08,146.833212375,29461.4358191,14606431.5503
q43notreat_05_c1.tif_nhood_20,0.00574691951654,235.290291315,0.223628577344,-0.00569872457163,221.934119727,221.682368772,656.267720091,665.097782618,0.0868076499029,1.40064623497e-05,54306.0061022,446.809894028,-0.0260123808422,-2.30110473554e-08,235.290291315,82414.4621351,12436947.5785
q43notreat_06_c1.tif_nhood_5,0.00904084132696,90.1093944626,0.313095549838,-0.00890757156123,225.692689491,225.727723727,480.636193289,477.056434635,0.250068649851,1.42620209622e-05,55116.4755201,443.92562072,-0.0262712994966,-1.72493138062e-08,90.1093944626,36209.0241919,11193072.7809
q43notreat_06_c1.tif_nhood_10,0.00751336088018,119.36500961,0.273426277318,-0.00742045287253,224.233809166,224.319955464,534.086913955,524.284056254,0.215401202129,1.41594898424e-05,54801.1020714,445.10873113,-0.0262921933919,-1.25104599168e-08,119.36500961,55477.3867708,11021661.2785
q43notreat_06_c1.tif_nhood_20,0.00632153418147,175.202689885,0.23359464435,-0.00625711764348,221.580511886,221.753839941,643.22012753,624.8876225,0.16259013604,1.39745783551e-05,54223.9269531,445.393160508,-0.0266428353968,-8.18169486147e-09,175.202689885,94412.7358484,11310522.206
q43notreat_07_c1.tif_nhood_5,0.00639744522676,32.1845143321,0.281515092754,-0.00634615863887,227.051820722,226.96144393,361.613353265,364.681243876,0.377524409441,1.42634117375e-05,55652.8107466,453.857504227,-0.0257414227596,-3.52029838454e-11,32.1845143321,59307.4605142,2909507.94642
q43notreat_07_c1.tif_nhood_10,0.00526126887141,51.8288902798,0.230937368568,-0.00522746400318,224.366494644,224.162564508,460.665571132,466.361531,0.19482422141,1.40700063041e-05,55084.8360109,458.409981223,-0.0275650491801,-1.11567585103e-11,51.8288902798,85944.3864372,4402914.3146
q43notreat_07_c1.tif_nhood_20,0.0048862443011,81.3465337911,0.204433096665,-0.0048572204495,222.143296006,221.742523773,562.507217042,570.552140764,0.0893159407065,1.38998895368e-05,54655.3987957,466.083586478,-0.0300734276646,-1.39308597393e-11,81.3465337911,114315.503187,6245667.9988
q43notreat_08_c1.tif_nhood_5,0.00755543994497,36.9355589247,0.320285716622,-0.00747283270614,230.590988967,230.539536587,248.164906228,251.898629219,0.848086936298,1.45271650226e-05,56364.5655375,449.066171562,-0.0222596516055,-4.48719039135e-11,36.9355589247,31374.3563569,1635136.85913
q43notreat_08_c1.tif_nhood_10,0.00626296125498,50.4754309579,0.271029269992,-0.00620405432572,228.708650959,228.61427282,300.584295412,305.72324515,0.542269484954,1.43912893376e-05,55966.71101,450.028282342,-0.0232185192914,-4.37429387525e-11,50.4754309579,44067.0378665,2117366.29782
q43notreat_08_c1.tif_nhood_20,0.00562799179412,73.2328791881,0.235379080859,-0.00557881622316,227.484161716,227.321103168,345.908758777,352.134604809,0.370793023493,1.42901000067e-05,55758.066691,455.957154402,-0.0250891010135,-2.66634769394e-11,73.2328791881,54593.1438001,2545902.04878
q43notreat_09_c1.tif_nhood_5,0.00686256028472,43.2292541957,0.27940510827,-0.00680223058975,227.874494046,227.687122655,352.338709325,358.893593927,0.346824163677,1.42740021302e-05,56009.1745865,452.687972883,-0.0276387458379,-0.0,43.2292541957,55266.9600119,2639943.75834
q43notreat_09_c1.tif_nhood_10,0.00553768518826,60.0190668757,0.236513299447,-0.0054999360207,224.900107822,224.559122924,457.192936431,467.075773907,0.155616283659,1.40710480405e-05,55338.0725967,452.540661193,-0.0277858571858,-0.0,60.0190668757,83607.9722338,4201622.80095
q43notreat_09_c1.tif_nhood_20,0.0049793305758,76.2632179661,0.212955887086,-0.00494862001687,222.607729469,222.066480546,551.452987218,563.932209036,0.0634852411833,1.39138819606e-05,54825.6770312,455.695367519,-0.0287452577268,-0.0,76.2632179661,111112.061208,5975959.22076
q43notreat_10_c1.tif_nhood_5,0.0103108923432,30.9177728581,0.353323863006,-0.0101899586347,225.831147093,225.773375669,431.4341248,433.139517651,0.27704357173,1.41435138872e-05,55527.3296842,445.343377193,-0.0292791852675,-7.02943156834e-11,30.9177728581,75873.8745771,4041843.68747
q43notreat_10_c1.tif_nhood_10,0.00818101006745,46.5740165331,0.296648549859,-0.00810390251522,223.354050417,223.245953301,528.080108521,531.068274451,0.171020477887,1.39701713794e-05,54984.239299,446.589510771,-0.0301849098673,-5.40105505172e-11,46.5740165331,104280.484552,5706497.83074
q43notreat_10_c1.tif_nhood_20,0.00713583250721,70.8691440288,0.256222129393,-0.00707724340787,221.189950996,220.994567424,633.164579748,636.395101021,0.103940851465,1.38036226339e-05,54569.0233389,450.976357955,-0.0326495810024,-1.27218314286e-11,70.8691440288,135850.184054,7814017.77975
q43notreat_11_c1.tif_nhood_5,0.00704123284258,66.3671025351,0.281841514985,-0.00697492590975,227.070147365,226.904365603,381.890831539,389.200606249,0.301748561489,1.42834162918e-05,55614.9441528,450.795675239,-0.0255941693943,-3.28737334176e-10,66.3671025351,55547.3833336,3623318.11868
q43notreat_11_c1.tif_nhood_10,0.00582563702994,86.6597657898,0.240193914162,-0.00578098602232,224.749850209,224.43296008,461.674248352,473.151169066,0.158245513417,1.4114504208e-05,55126.5106058,453.121390154,-0.0264539703578,-1.30447379506e-10,86.6597657898,80242.373225,4567758.66797
q43notreat_11_c1.tif_nhood_20,0.00514614718337,115.092929081,0.210408578736,-0.00511184298844,222.352027069,221.7926878,563.092411933,578.141285183,0.0564438426905,1.39342096848e-05,54647.3510505,457.343692369,-0.0279803530875,-5.24848136356e-11,115.092929081,110881.567555,6305671.92637
q43notreat_12_c1.tif_nhood_5,0.00805370091275,136.671683594,0.321585213629,-0.0079660345817,230.750333538,230.703361888,435.792590411,437.035975793,0.279347785889,1.46185838777e-05,56313.2561133,450.942534803,-0.0249176262116,-1.65401740375e-07,136.671683594,-79687.0347516,26182775.7407
q43notreat_12_c1.tif_nhood_10,0.00645793635409,182.222248202,0.273063166795,-0.00640427876124,229.046878069,228.965009212,471.678265111,473.299041159,0.226514071449,1.44916862932e-05,55960.0796424,452.582892977,-0.0255617578055,-1.10841844811e-07,182.222248202,-47080.1793249,21243910.864
q43notreat_12_c1.tif_nhood_20,0.00555082109599,301.090630617,0.233708244197,-0.00551123332459,226.931440859,226.784038579,534.325756553,535.350125295,0.160331143793,1.43256476469e-05,55558.5030905,456.157509851,-0.0268685003252,-5.05109417402e-08,301.090630617,485.000188235,14985645.8988
q43notreat_13_c1.tif_nhood_5,0.00543623400909,46.3884998033,0.292608233247,-0.00539608852883,231.681710977,231.547029397,207.774266873,214.274640978,1.06657605743,1.47076425058e-05,56226.3823413,458.735052555,-0.0194920581008,-5.56046491946e-11,46.3884998033,19848.3796786,1427916.60825
q43notreat_13_c1.tif_nhood_10,0.00444965565555,64.0672378667,0.247565293066,-0.00442240936962,230.885741058,230.582498657,223.231122324,235.094884503,0.694295093638,1.46376012724e-05,56100.3719578,460.479535941,-0.0200245621704,-5.03899007318e-11,64.0672378667,25387.5861869,1412165.93345
q43notreat_13_c1.tif_nhood_20,0.00378832931258,81.7387953596,0.211423752156,-0.00376871276204,229.790686102,229.204766744,250.631253842,267.164258223,0.267843353186,1.45469586608e-05,55910.2232025,461.630308743,-0.0206871725091,-8.31906956066e-11,81.7387953596,32587.583327,1624737.36405
q43notreat_14_c1.tif_nhood_5,0.0120632259381,306.548609398,0.358774301875,-0.0118748502607,223.957777825,223.756872567,865.524255382,878.656919055,0.0543752036956,1.43098302582e-05,54508.6864781,432.754445851,-0.028441500678,-1.17221635602e-06,306.548609398,-150100.604952,65564912.5948
q43notreat_14_c1.tif_nhood_10,0.0098495769597,343.61441629,0.310699654689,-0.00972222743908,221.72575506,221.356083576,931.701297257,956.587513689,0.033538473604,1.41603629467e-05,53988.7616686,431.61127956,-0.0281865585536,-1.05936356011e-06,343.61441629,-100849.460693,62544129.9743
q43notreat_14_c1.tif_nhood_20,0.00844990647685,463.375346289,0.269991637342,-0.00835257449227,219.432485789,218.886593516,1033.22357712,1056.28563552,0.0164028116798,1.40094610103e-05,53470.913592,432.899029069,-0.0285120681125,-8.85485144686e-07,463.375346289,-43700.8288609,58693914.3156
q43notreat_15_c1.tif_nhood_5,0.011202945083,662.052950291,0.332283576204,-0.011001766437,218.61877686,218.220164229,1331.24264055,1371.50948279,0.0143182767128,1.43691059762e-05,52263.0398445,427.497502926,-0.025696146404,-5.41677153385e-06,662.052950291,-257853.627994,102546151.68
q43notreat_15_c1.tif_nhood_10,0.00931471260048,700.255416691,0.292844586716,-0.00917361555501,217.606683892,216.775544814,1338.73070233,1425.03646869,-0.00108272347864,1.42858079356e-05,52056.5268247,429.036978169,-0.0255081350287,-4.93135128336e-06,700.255416691,-216893.576904,99448611.8928
q43notreat_15_c1.tif_nhood_20,0.00751065756762,851.70189099,0.246712206951,-0.00741695800141,215.749154285,214.083311485,1373.86671717,1540.95511852,-0.0267050095875,1.41414773253e-05,51666.3407975,431.083874022,-0.0251998918862,-4.2784563064e-06,851.70189099,-129890.791114,89315445.8311
q43notreat_16_c1.tif_nhood_5,0.00865142216491,62.4155003985,0.320792037621,-0.0085528115776,223.76865308,223.811073665,527.188932256,524.295844175,0.207966009253,1.40984670195e-05,54767.9797635,440.836354321,-0.0266939463789,-2.6652328485e-09,62.4155003985,79708.388854,7375725.28971
q43notreat_16_c1.tif_nhood_10,0.00700847803231,78.7083547972,0.272638603716,-0.00694313803127,221.104769566,221.188195224,630.70236668,625.38242557,0.150859426729,1.39237879569e-05,54143.0337997,439.739025199,-0.0268033125662,-2.29612776844e-09,78.7083547972,115454.843622,9093294.36271
q43notreat_16_c1.tif_nhood_20,0.00619182644726,117.879987219,0.232418133091,-0.00613959457089,218.588563473,218.742608405,748.105683123,738.494196566,0.114967394438,1.37451769318e-05,53604.3471239,441.613354703,-0.0282769697155,-1.35692058971e-09,117.879987219,157606.020202,11332856.4857
q43notreat_17_c1.tif_nhood_5,0.00821463992123,68.1210533046,0.329955785987,-0.0081271926718,227.77572966,227.728399604,393.784774632,397.355195677,0.336729309895,1.43380907752e-05,55786.1756989,454.045835848,-0.0281456972532,-8.61229906126e-09,68.1210533046,30371.1962144,6948090.63097
q43notreat_17_c1.tif_nhood_10,0.00681741307198,83.1917141044,0.285038517703,-0.00675795696136,226.000088005,225.931951347,449.946175008,452.941474315,0.249966987446,1.4213564328e-05,55395.6524869,456.628003168,-0.0285012241548,-5.6637908627e-09,83.1917141044,51031.9337195,6721325.95795
q43notreat_17_c1.tif_nhood_20,0.00582127132803,115.004349853,0.242497841243,-0.00577740357465,223.692249784,223.611928318,537.160512955,538.846668514,0.171530134941,1.40473925004e-05,54907.1008414,460.33033206,-0.0295281251147,-4.27507350726e-09,115.004349853,81115.3255978,7200126.15653
q43notreat_18_c1.tif_nhood_5,0.00784242944626,291.34814387,0.283215209092,-0.00774125966612,223.331099807,223.250141153,802.765079002,811.459028302,0.0747194263703,1.4337375054e-05,54056.8046856,437.108825736,-0.023588975262,-6.91340151659e-07,291.34814387,-92802.2589788,46693186.9019
q43notreat_18_c1.tif_nhood_10,0.00633185010532,349.985894049,0.246106890707,-0.00626779428149,221.202622035,221.058189994,864.485568584,878.40464059,0.057963107285,1.42029681143e-05,53535.9214311,438.214128487,-0.0233060715462,-5.78115445597e-07,349.985894049,-42704.7184126,41682917.0838
q43notreat_18_c1.tif_nhood_20,0.00545098813655,477.235864381,0.214678772977,-0.00540401884607,219.306666485,218.975781527,939.908653701,968.899942789,0.0345205571511,1.40830939174e-05,53087.2020293,441.68937069,-0.0237348056938,-4.59012186468e-07,477.235864381,4700.16672093,38361127.6088
q43notreat_19_c1.tif_nhood_5,0.0101196456273,502.116912767,0.337191285088,-0.00995351885992,219.91899326,219.773576967,940.660281027,955.208148107,0.0483496736507,1.41709089984e-05,53103.3923723,430.223877612,-0.023140173242,-7.69031338759e-07,502.116912767,-53030.0395545,51129812.7479
q43notreat_19_c1.tif_nhood_10,0.0083006851695,546.488444106,0.290109517295,-0.00818144406041,217.652301686,217.389926865,1019.03669421,1040.4173303,0.0333102447001,1.40227807937e-05,52568.3279137,430.013183052,-0.0224294810403,-7.38467552595e-07,546.488444106,-5738.92597381,50601678.5526
q43notreat_19_c1.tif_nhood_20,0.00668922558139,634.549254534,0.230590135776,-0.00660855623073,214.960947853,214.458690992,1121.74454822,1160.34217366,0.0147049591304,1.38376568066e-05,51960.3044216,435.969067975,-0.0232062541496,-5.74156918636e-07,634.549254534,66937.4557285,47874142.485
q43notreat_20_c1.tif_nhood_5,0.00984329593099,126.302222705,0.341590868389,-0.00971330582274,232.462122601,232.181319141,347.207518223,366.321372865,0.3037115684,1.46725745626e-05,56867.0685666,449.535175669,-0.0271414071245,-3.23121142404e-08,126.302222705,-33127.7860528,12200259.043
q43notreat_20_c1.tif_nhood_10,0.00815706013915,154.612432623,0.29136317208,-0.00806757461077,232.104997058,231.580774391,346.248275564,379.264650969,0.174077931382,1.46222356698e-05,56868.9236112,451.317596799,-0.0280869597637,-1.9678655267e-08,154.612432623,-19333.6657494,9755582.59529
q43notreat_20_c1.tif_nhood_20,0.00713022803734,232.388418946,0.249317729915,-0.00706172730229,231.94795667,231.005705244,343.758082016,400.146819418,-0.0300382451664,1.45690581841e-05,56976.0064193,455.047065049,-0.0295758253767,-5.99806819444e-09,232.388418946,-2975.73663803,7165353.11698
q43notreat_21_c1.tif_nhood_5,0.00895604129883,99.8686208518,0.335513478521,-0.00883334306495,226.001638574,225.743833238,478.222010267,507.953973232,0.158944573533,1.42390125179e-05,55340.1620856,440.294007569,-0.0253525802285,-6.22385078801e-08,99.8686208518,19618.1739119,15026836.7813
q43notreat_21_c1.tif_nhood_10,0.00709553977931,125.5639693,0.285995648179,-0.00701836844373,224.108656636,223.65579046,532.242980623,581.522712423,0.0825863199722,1.41019971058e-05,54926.4617803,440.851435185,-0.0253227920406,-3.44491769801e-08,125.5639693,52522.7655923,12903146.9206
q43notreat_21_c1.tif_nhood_20,0.00579251761957,180.276052652,0.238157092028,-0.0057416789589,221.653467785,220.992990019,628.058995765,693.419655394,0.0265801454574,1.3924288104e-05,54404.7168201,443.439016755,-0.0261624733575,-2.2575322158e-08,180.276052652,93510.4330923,12875774.6289
q43notreat_22_c1.tif_nhood_5,0.00726229598647,25.7463101182,0.30194445187,-0.00719339720939,225.358286792,225.286177433,420.861053906,422.807252623,0.284447785888,1.41402106143e-05,55297.1799156,448.719416524,-0.0260495792299,-0.0,25.7463101182,76553.8323741,3771361.93065
q43notreat_22_c1.tif_nhood_10,0.00606874442474,41.7234467946,0.253850413832,-0.00602063061335,222.529602324,222.360711936,535.935285929,539.68966342,0.1512147422,1.39383262891e-05,54693.3587289,452.282798799,-0.0275440154537,-0.0,41.7234467946,109240.224313,5876662.1785
q43notreat_22_c1.tif_nhood_20,0.00542841094602,72.769034572,0.216248046316,-0.00539053803214,220.123008193,219.743442157,658.914734849,665.136240037,0.0676002504095,1.37512533246e-05,54240.6946597,458.919318026,-0.0299957327972,-0.0,72.769034572,146055.508305,8493441.37135
q43notreat_23_c1.tif_nhood_5,0.00880652014649,202.483394498,0.315096711957,-0.00870167372624,226.134923885,226.15065006,622.470347335,622.940747184,0.144888922827,1.43244484907e-05,55265.0492363,442.023740501,-0.0270138294284,-3.50700241611e-07,202.483394498,-64347.5826279,35396781.9916
q43notreat_23_c1.tif_nhood_10,0.00726044975363,225.410962347,0.27701051698,-0.00719070334128,223.938609983,223.985644155,693.465693212,690.26090391,0.120462127298,1.41862675563e-05,54730.3724548,441.130822586,-0.02680370447,-3.32146373098e-07,225.410962347,-32101.0022063,34362373.0531
q43notreat_23_c1.tif_nhood_20,0.00648860592026,317.1149227,0.245499355146,-0.00643086738415,222.28277621,222.369211812,759.854090669,753.928527478,0.10434611139,1.4080149674e-05,54341.5442025,444.227455475,-0.0275860097047,-2.59389967071e-07,317.1149227,9518.06578424,28913145.2105
q43notreat_24_c1.tif_nhood_5,0.00781100138917,165.978002083,0.318357133536,-0.00772945215851,223.643458703,223.201953164,647.069011059,691.021550696,0.0576919840908,1.42151793448e-05,54447.5979633,441.562221591,-0.0236327748185,-3.19310787098e-07,165.978002083,-34810.3438088,35278257.4476
q43notreat_24_c1.tif_nhood_10,0.00637282307118,207.533760714,0.269105195208,-0.00631743558716,221.410803906,220.607415897,716.62952132,790.948092842,0.00333628284612,1.4047774451e-05,53981.9655889,443.022665521,-0.0242647351091,-2.84588015744e-07,207.533760714,10943.2361194,32914580.608
q43notreat_24_c1.tif_nhood_20,0.00554675550765,303.138936147,0.229662459821,-0.00550272313226,219.624665728,218.240096672,784.865771544,903.504121574,-0.0508720684041,1.38939925724e-05,53676.6108852,448.163618862,-0.0258643501747,-2.06906803711e-07,303.138936147,63310.5224296,29084683.9808
q43notreat_25_c1.tif_nhood_5,0.0101721725127,120.855134426,0.364853949677,-0.0100447492399,231.751614263,231.678172914,379.057659094,383.457271554,0.354344279964,1.47398810495e-05,56318.8844371,454.46586778,-0.0252492336248,-3.51900925357e-08,120.855134426,-41873.8445806,13541331.5309
q43notreat_25_c1.tif_nhood_10,0.00817180520492,136.527188198,0.31015082819,-0.00808978422024,231.087231156,230.941393701,388.88532455,398.400167407,0.301388799072,1.4684044646e-05,56202.323876,457.584419071,-0.0260303686963,-2.96974652618e-08,136.527188198,-31516.6629105,12299029.469
q43notreat_25_c1.tif_nhood_20,0.00653695828156,179.834981072,0.255831287596,-0.00648393379197,230.568684053,230.312496915,391.632399061,407.939970904,0.247113621031,1.46272091682e-05,56151.3393266,460.609274276,-0.0266081584515,-1.7451191293e-08,179.834981072,-15543.1088541,10015816.8996
q43notreat_26_c1.tif_nhood_5,0.00561796058097,44.8386509986,0.307216360525,-0.00558634144735,233.807516926,233.680651455,181.34606479,189.477015757,1.42017077654,1.47639832808e-05,57032.4009827,465.476949823,-0.0228562305243,-3.35412323179e-10,44.8386509986,8293.85664472,1840971.99866
q43notreat_26_c1.tif_nhood_10,0.00488905742826,63.2807051576,0.264565949878,-0.00486452025142,233.421395451,233.206069048,187.565494204,199.387177515,1.15129584221,1.47144572052e-05,57026.4691588,469.059685516,-0.0242509581663,-1.52939988536e-10,63.2807051576,13196.3864515,1440249.18226
q43notreat_26_c1.tif_nhood_20,0.00447703648678,98.4530558733,0.231197258973,-0.00445562651774,232.965617409,232.640904359,202.921596727,217.547166713,0.81476631948,1.46526691257e-05,57038.131315,472.32101901,-0.0259236984663,-5.94745395022e-11,98.4530558733,18324.0674137,1158368.66974
q43notreat_27_c1.tif_nhood_5,0.00578682020186,50.5629116024,0.270408936619,-0.00573659573866,227.140418041,227.007007767,355.009984288,361.930397735,0.364066668265,1.43378067842e-05,55439.7838643,453.420739936,-0.0240136131575,-4.68871094299e-10,50.5629116024,49974.6204175,3321229.57726
q43notreat_27_c1.tif_nhood_10,0.00465319405093,69.0085541562,0.227173015612,-0.00462282019409,224.958297012,224.687110651,427.364320084,438.890455147,0.19943220363,1.41742439813e-05,54997.0628191,454.486167119,-0.0241897891699,-3.46009049766e-10,69.0085541562,71598.41652,4194577.83032
q43notreat_27_c1.tif_nhood_20,0.0040340103733,103.346976153,0.193675978491,-0.00401150254646,221.692284178,221.206089067,560.072618189,575.854974152,0.0706748290424,1.39344764408e-05,54323.007006,456.330004981,-0.0251438802336,-1.38893148707e-10,103.346976153,111479.893536,6390789.05444
q43notreat_28_c1.tif_nhood_5,0.00580870988352,53.4140414263,0.283055235324,-0.00575445400348,235.280071902,235.186537011,156.549259963,162.10218294,2.01426019559,1.49109579856e-05,57196.926499,457.575115117,-0.0196668021669,-1.30286577455e-10,53.4140414263,4989.40276324,1244359.20116
q43notreat_28_c1.tif_nhood_10,0.00481891110213,78.5847193897,0.239382068284,-0.00478166405006,234.873743611,234.667645198,161.086301247,170.475949819,1.59542551739,1.48582236945e-05,57193.782114,460.28440913,-0.0205610791581,-8.85279817598e-11,78.5847193897,9004.30434765,957416.985104
q43notreat_28_c1.tif_nhood_20,0.00428771519022,105.139472453,0.209660924638,-0.00425845004342,234.200471556,233.831669555,176.120853981,188.78830515,0.998723316123,1.4786929079e-05,57136.5939761,461.811735583,-0.0214934729693,-2.73308366943e-11,105.139472453,13190.540202,894535.851892
q43notreat_29_c1.tif_nhood_5,0.0056206464366,223.097032985,0.290174025164,-0.00558362114479,227.769862854,227.598594101,774.279364767,799.543889657,0.0708002518734,1.46772766203e-05,55019.5938829,453.103252847,-0.0211436565611,-2.28406566354e-06,223.097032985,-370863.468124,116775003.19
q43notreat_29_c1.tif_nhood_10,0.00452428548711,302.466459952,0.24307678516,-0.00450093375656,226.700463366,226.334726916,764.410566902,814.409394091,0.0498408182692,1.45768056312e-05,54837.3054558,455.256379705,-0.0218076912686,-1.80645350801e-06,302.466459952,-301204.398048,98009941.2444
q43notreat_29_c1.tif_nhood_20,0.00384509789814,535.609892484,0.202932147181,-0.00382832310788,226.061861505,225.293712019,729.354776545,823.636764228,0.00811030368037,1.44756528544e-05,54834.1726974,459.076337633,-0.0228799425455,-8.97602576746e-07,535.609892484,-177060.141511,62777898.1032
q43notreat_30_c1.tif_nhood_5,0.00509351516618,74.8947871475,0.245493701028,-0.00505808625687,226.209628073,226.119997289,403.79245719,410.362172018,0.298567870399,1.4255599451e-05,55311.5669304,454.079980116,-0.0246287107113,-2.08822397543e-09,74.8947871475,52277.7580121,5211356.94514
q43notreat_30_c1.tif_nhood_10,0.00430471080323,97.1385522952,0.2127749529,-0.00428112585072,224.338617972,224.161452396,467.279869284,478.832373814,0.194018374532,1.41160620423e-05,54927.156993,456.623943893,-0.0252715453364,-1.14988115131e-09,97.1385522952,75085.2362251,5295170.30194
q43notreat_30_c1.tif_nhood_20,0.00400232310623,134.073423227,0.191508123872,-0.00398246648974,221.994489493,221.649854389,566.970731384,584.361476602,0.0968792744559,1.3935258278e-05,54474.076154,458.764559198,-0.0265143908136,-6.64470707237e-10,134.073423227,107220.861934,6526149.63256
q43kinetin_01_c1.tif_nhood_5,0.00901423578845,167.316799452,0.317400648382,-0.00888649066059,230.190056709,230.09932035,445.794928723,451.924330541,0.249126037978,1.45911375405e-05,56146.8062582,442.340156101,-0.0230871574848,-1.50380940605e-07,167.316799452,-67110.9051931,24265294.0417
q43kinetin_01_c1.tif_nhood_10,0.00762179055018,195.745832905,0.276428135827,-0.00752623682174,229.006237789,228.809330273,468.697164672,482.921294117,0.190303836781,1.44979069184e-05,55916.1960937,442.209226505,-0.0235801649346,-1.3363828963e-07,195.745832905,-46316.3572043,21692255.854
q43kinetin_01_c1.tif_nhood_20,0.00684122592358,286.914502239,0.241710817943,-0.00675866074298,227.729033176,227.368258782,502.03815114,520.072796434,0.123407699427,1.43834181151e-05,55718.8650969,443.7033648,-0.0246586382484,-7.16629952087e-08,286.914502239,-9560.90022847,15832136.0078
q43kinetin_18_c1.tif_nhood_5,0.00397539497945,46.6150204418,0.258706015451,-0.00395082090906,232.039634536,231.909450346,186.902962244,191.990117836,1.33096911802,1.47555496055e-05,56211.0026656,462.596623899,-0.0199494923911,-0.0,46.6150204418,15808.5577532,1065320.72744
q43kinetin_18_c1.tif_nhood_10,0.00330015217111,67.9805012151,0.21943933838,-0.00328353934391,231.78533151,231.51102593,191.877339021,201.280160834,0.995597782523,1.47124648487e-05,56243.7591683,463.710394865,-0.0204455520833,-0.0,67.9805012151,18407.465565,980062.690185
q43kinetin_18_c1.tif_nhood_20,0.00292502171684,100.38935262,0.191812172828,-0.00291218824159,231.299464831,230.774212039,205.839882313,220.373200364,0.489122911113,1.46487472299e-05,56244.6378803,463.663419376,-0.0209643824824,-0.0,100.38935262,22351.8294623,967185.454496
q43notreat_04_c1.tif_nhood_5,0.00682997211752,203.548165037,0.276266253954,-0.00676985083903,229.776578832,229.592132358,679.477698193,695.028680984,0.0925538503148,1.47174009161e-05,55747.0830739,451.565774973,-0.0249272502738,-1.35200089527e-06,203.548165037,-286513.736727,87771823.1761
q43notreat_04_c1.tif_nhood_10,0.00578432948731,266.713652698,0.237450429762,-0.00574302950288,229.163280694,228.82247627,684.73937179,712.419848658,0.0686221017193,1.4657327369e-05,55663.9160514,456.689504679,-0.0263869251277,-1.12764661851e-06,266.713652698,-252685.69682,78623940.0513
q43notreat_04_c1.tif_nhood_20,0.00526381811388,399.512822511,0.206413262893,-0.00523093619315,229.290113692,228.716206002,670.732884627,709.081293453,0.038849619069,1.46248790535e-05,55821.7126215,461.94376953,-0.0279767850892,-8.0219231171e-07,399.512822511,-201159.858109,62587300.4302
